id,conversation_id,speaker,reply_to,text,timestamp,subreddit,score,permalink,meta
cm2w3,cm2w3,[deleted],,,1278320025,askscience,5,/r/askscience/comments/cm2w3/why_are_galaxies_often_discshaped_spirals/,"{""score"": 5, ""top_level_comment"": null, ""retrieved_on"": 1522932961, ""gilded"": 0, ""gildings"": null, ""subreddit"": ""askscience"", ""stickied"": false, ""permalink"": ""/r/askscience/comments/cm2w3/why_are_galaxies_often_discshaped_spirals/"", ""author_flair_text"": """"}"
c0tjmfq,cm2w3,Jasper1984,cm2w3,"[Here is a similar question](http://www.reddit.com/r/askscience/comments/c6n5v/can_anyone_explain_why_gravity_tends_to_organize/?sort=top) with some good answers on why things often form a disk.

I am not sure as to why it has spirals or bars and such, though.",1278327821,askscience,3,,"{""score"": 3, ""top_level_comment"": ""c0tjmfq"", ""retrieved_on"": 1426367337, ""gilded"": 0, ""gildings"": null, ""subreddit"": ""askscience"", ""stickied"": false, ""permalink"": """", ""author_flair_text"": """"}"
c0tjna1,cm2w3,pstryder,c0tjmfq,The spirals are actually pressure waves in the interstellar medium.,1278329593,askscience,3,,"{""score"": 3, ""top_level_comment"": ""c0tjmfq"", ""retrieved_on"": 1426367349, ""gilded"": 0, ""gildings"": null, ""subreddit"": ""askscience"", ""stickied"": false, ""permalink"": """", ""author_flair_text"": """"}"
c0tjpce,cm2w3,iorgfeflkd,cm2w3,Because they rotate.,1278333438,askscience,2,,"{""score"": 2, ""top_level_comment"": ""c0tjpce"", ""retrieved_on"": 1426367377, ""gilded"": 0, ""gildings"": null, ""subreddit"": ""askscience"", ""stickied"": false, ""permalink"": """", ""author_flair_text"": ""Condensed matter | Biophysics | Relativity""}"
c0tjpiu,cm2w3,Virtblue,cm2w3,"They are essentially large accretion discs, http://en.wikipedia.org/wiki/Accretion_disc",1278333711,askscience,2,,"{""score"": 2, ""top_level_comment"": ""c0tjpiu"", ""retrieved_on"": 1426367377, ""gilded"": 0, ""gildings"": null, ""subreddit"": ""askscience"", ""stickied"": false, ""permalink"": """", ""author_flair_text"": """"}"
c0tk30z,cm2w3,Darthfuzzy,cm2w3,"[According to this](http://dsc.discovery.com/tv/stephen-hawking/), the reason why is because of the dark matter that binds the universe together. While a black hole typically exists in the center and has a strong center of gravity to rotate stars around it, it isn't enough to cause a formation and thus, there's also a vast amount of pressure to keep the stars into formations that are rounded in shape, which Hawkings claims is due to dark matter. 

Also, not all galaxies are often disc-shaped, [see here](http://en.wikipedia.org/wiki/Galaxy). There's a lot of galaxies that are stretched or even non-spiral shaped.",1278347722,askscience,1,,"{""score"": 1, ""top_level_comment"": ""c0tk30z"", ""retrieved_on"": 1426367552, ""gilded"": 0, ""gildings"": null, ""subreddit"": ""askscience"", ""stickied"": false, ""permalink"": """", ""author_flair_text"": """"}"
cml25,cml25,[deleted],,[deleted],1278442571,askscience,4,/r/askscience/comments/cml25/microscopes/,"{""score"": 4, ""top_level_comment"": null, ""retrieved_on"": 1522933330, ""gilded"": 0, ""gildings"": null, ""subreddit"": ""askscience"", ""stickied"": false, ""permalink"": ""/r/askscience/comments/cml25/microscopes/"", ""author_flair_text"": """"}"
c0tn61e,cml25,mavaction,cml25,"One thing to think about... Ask a pro if document analysis benefits from the use of ""cross polarized"" filters. In minerals and rocks a cross polarized filter adds extreme and beautiful colors to subjects that seem otherwise uniform or dull.   

The colors reveal different refractive indexes of materials as well as relative angles of rotation of crystals in a sample...  

I could imagine that if documents do respond to cross polarized filters that you may be able to detect alterations and damage...changes etc...

[cross polarized microscopy](http://www.google.com/images?hl=en&amp;rlz=1B3GGLL_enUS376US377&amp;q=cross%20polarized%20microscopy&amp;um=1&amp;ie=UTF-8&amp;source=og&amp;sa=N&amp;tab=wi)",1278444857,askscience,3,,"{""score"": 3, ""top_level_comment"": ""c0tn61e"", ""retrieved_on"": 1426369007, ""gilded"": 0, ""gildings"": null, ""subreddit"": ""askscience"", ""stickied"": false, ""permalink"": """", ""author_flair_text"": """"}"
c0tn6vy,cml25,[deleted],c0tn61e,[deleted],1278445346,askscience,2,,"{""score"": 2, ""top_level_comment"": ""c0tn61e"", ""retrieved_on"": 1426369018, ""gilded"": 0, ""gildings"": null, ""subreddit"": ""askscience"", ""stickied"": false, ""permalink"": """", ""author_flair_text"": """"}"
c0tpl1w,cml25,S_D_B,cml25,"Do you need a microscope that powerful? You might be well served with a dissecting microscope which is less powerful and allows 3d vision. Regardless a good microscope will set you back thousands, even before accessories like mavaction described, unless you are required to purchase it, it might be worthwhile using the facilities available in your research group instead of settling for a substandard model.",1278517155,askscience,1,,"{""score"": 1, ""top_level_comment"": ""c0tpl1w"", ""retrieved_on"": 1426370151, ""gilded"": 0, ""gildings"": null, ""subreddit"": ""askscience"", ""stickied"": false, ""permalink"": """", ""author_flair_text"": ""Bio-analytical chemistry | Metabolomics | Proteomics""}"
cmr65,cmr65,aolley,,,1278479374,askscience,13,/r/askscience/comments/cmr65/it_has_been_6_months_where_is_my_sprayonglass/,"{""score"": 13, ""top_level_comment"": null, ""retrieved_on"": 1522933455, ""gilded"": 0, ""gildings"": null, ""subreddit"": ""askscience"", ""stickied"": false, ""permalink"": ""/r/askscience/comments/cmr65/it_has_been_6_months_where_is_my_sprayonglass/"", ""author_flair_text"": """"}"
c0toudk,cmr65,devotedpupa,cmr65,And our 5 different cures for cancer and premature ejaculation.,1278487619,askscience,3,,"{""score"": 3, ""top_level_comment"": ""c0toudk"", ""retrieved_on"": 1426369805, ""gilded"": 0, ""gildings"": null, ""subreddit"": ""askscience"", ""stickied"": false, ""permalink"": """", ""author_flair_text"": """"}"
c0toxh0,cmr65,[deleted],c0toudk,[deleted],1278492055,askscience,1,,"{""score"": 1, ""top_level_comment"": ""c0toudk"", ""retrieved_on"": 1426369845, ""gilded"": 0, ""gildings"": null, ""subreddit"": ""askscience"", ""stickied"": false, ""permalink"": """", ""author_flair_text"": """"}"
c0toxmj,cmr65,eleitl,cmr65,"Just contact http://nanopool.de and see whether you can obtain a sample. 

It should be trivial if you're a largeish corporation. Are you?",1278492276,askscience,2,,"{""score"": 2, ""top_level_comment"": ""c0toxmj"", ""retrieved_on"": 1426369847, ""gilded"": 0, ""gildings"": null, ""subreddit"": ""askscience"", ""stickied"": false, ""permalink"": """", ""author_flair_text"": ""Cryobiology | Cryonics""}"
c0tp1n1,cmr65,Virtblue,cmr65,hmm I wonder what the pressure head is on its water resistance,1278499577,askscience,1,,"{""score"": 1, ""top_level_comment"": ""c0tp1n1"", ""retrieved_on"": 1426369899, ""gilded"": 0, ""gildings"": null, ""subreddit"": ""askscience"", ""stickied"": false, ""permalink"": """", ""author_flair_text"": """"}"
c0ts7n2,cmr65,grant0,c0toxmj,"I suspect that this reddit user is not a large corporation, no.  

But I also suspect that it's trivial to put up a quick corporate-looking website and say you are, and very difficult to determine if you are, in fact, not.",1278590613,askscience,1,,"{""score"": 1, ""top_level_comment"": ""c0toxmj"", ""retrieved_on"": 1426371388, ""gilded"": 0, ""gildings"": null, ""subreddit"": ""askscience"", ""stickied"": false, ""permalink"": """", ""author_flair_text"": """"}"
c0ts80z,cmr65,grant0,cmr65,"It is *apparently* widely available commercially in the UK. But, um, I don't think so?",1278591227,askscience,1,,"{""score"": 1, ""top_level_comment"": ""c0ts80z"", ""retrieved_on"": 1426371393, ""gilded"": 0, ""gildings"": null, ""subreddit"": ""askscience"", ""stickied"": false, ""permalink"": """", ""author_flair_text"": """"}"
cn0io,cn0io,Tames,,,1278533950,askscience,0,/r/askscience/comments/cn0io/if_every_sperm_each_sperm_representing_a/,"{""score"": 0, ""top_level_comment"": null, ""retrieved_on"": 1522933654, ""gilded"": 0, ""gildings"": null, ""subreddit"": ""askscience"", ""stickied"": false, ""permalink"": ""/r/askscience/comments/cn0io/if_every_sperm_each_sperm_representing_a/"", ""author_flair_text"": """"}"
c0tqi29,cn0io,elsee,cn0io,"What if consciousness lay in the egg? 

edit: consciousness. ",1278534916,askscience,0,,"{""score"": 0, ""top_level_comment"": ""c0tqi29"", ""retrieved_on"": 1426370588, ""gilded"": 0, ""gildings"": null, ""subreddit"": ""askscience"", ""stickied"": false, ""permalink"": """", ""author_flair_text"": """"}"
c0tqi9v,cn0io,[deleted],c0tqi29,"Well, there exist people without conscience, or do you mean consciousness?",1278535034,askscience,1,,"{""score"": 1, ""top_level_comment"": ""c0tqi29"", ""retrieved_on"": 1426370590, ""gilded"": 0, ""gildings"": null, ""subreddit"": ""askscience"", ""stickied"": false, ""permalink"": """", ""author_flair_text"": """"}"
c0tqumd,cn0io,iorgfeflkd,cn0io,"Well there are three billion base pairs in the human genome, and each could be either of A, G, T or C. The total number of possibilities for a genome that big is about:

10^(1.8*10^9)

That's 1 followed by over a billion zeros.

Most of those would not be human obviously, but there's your upper bound.

If each man produces a billion sperm in his lifetime (low estimate), and there have been 50 billion men ever, you get 50 quadrillion total sperm. Given that there have been about 100 billion people, the fraction is one in five hundred thousand, which seems a bit low. Men probably produce way more than a billion sperm. This also does not take eggs into account.",1278542406,askscience,2,,"{""score"": 2, ""top_level_comment"": ""c0tqumd"", ""retrieved_on"": 1426370751, ""gilded"": 0, ""gildings"": null, ""subreddit"": ""askscience"", ""stickied"": false, ""permalink"": """", ""author_flair_text"": ""Condensed matter | Biophysics | Relativity""}"
c0tqxtf,cn0io,Tames,c0tqumd,"true, the eggs are another problem.  looks like a good attempt to me, though.",1278544613,askscience,2,,"{""score"": 2, ""top_level_comment"": ""c0tqumd"", ""retrieved_on"": 1426370792, ""gilded"": 0, ""gildings"": null, ""subreddit"": ""askscience"", ""stickied"": false, ""permalink"": """", ""author_flair_text"": """"}"
cn36l,cn36l,wozer,,"Could there possibly be many different types of completely unknown viruses in our bodies, or would that be unlikely?",1278548429,askscience,3,/r/askscience/comments/cn36l/biology_are_unknown_viruses_difficult_to_detect/,"{""score"": 3, ""top_level_comment"": null, ""retrieved_on"": 1522933710, ""gilded"": 0, ""gildings"": null, ""subreddit"": ""askscience"", ""stickied"": false, ""permalink"": ""/r/askscience/comments/cn36l/biology_are_unknown_viruses_difficult_to_detect/"", ""author_flair_text"": """"}"
c0trcks,cn36l,[deleted],cn36l,[deleted],1278555430,askscience,10,,"{""score"": 10, ""top_level_comment"": ""c0trcks"", ""retrieved_on"": 1426370986, ""gilded"": 0, ""gildings"": null, ""subreddit"": ""askscience"", ""stickied"": false, ""permalink"": """", ""author_flair_text"": """"}"
c0trgfc,cn36l,rhiesa,c0trcks,That was an absolutely fascinating answer. Thank you very much.,1278558292,askscience,2,,"{""score"": 2, ""top_level_comment"": ""c0trcks"", ""retrieved_on"": 1426371036, ""gilded"": 0, ""gildings"": null, ""subreddit"": ""askscience"", ""stickied"": false, ""permalink"": """", ""author_flair_text"": """"}"
c0ts0ni,cn36l,Catten,cn36l,"[Relevant](http://www.ncbi.nlm.nih.gov/pubmed/19057862)  

[Also relevant](http://www.ncbi.nlm.nih.gov/pubmed/17598900)",1278577506,askscience,2,,"{""score"": 2, ""top_level_comment"": ""c0ts0ni"", ""retrieved_on"": 1426371298, ""gilded"": 0, ""gildings"": null, ""subreddit"": ""askscience"", ""stickied"": false, ""permalink"": """", ""author_flair_text"": ""Genetics | Neuroscience""}"
c0ts895,cn36l,wozer,c0trcks,"Thanks a lot! That was very informative.

I was wondering because sometimes you hear people hypothesize that all or most types of cancer are actually caused by viruses. I conclude that this is very unlikely.",1278591557,askscience,1,,"{""score"": 1, ""top_level_comment"": ""c0trcks"", ""retrieved_on"": 1426371397, ""gilded"": 0, ""gildings"": null, ""subreddit"": ""askscience"", ""stickied"": false, ""permalink"": """", ""author_flair_text"": """"}"
c0tsa88,cn36l,swilts,c0ts895,"on the contrary, many types of cancer are directly caused by viruses ex: hpv, ebv. Cancer isn't my field but people have known about oncogenic properties of viruses since the 70s. It's never a one-hit one step thing though, as with all cancer multiple lesions are required.",1278594002,askscience,2,,"{""score"": 2, ""top_level_comment"": ""c0trcks"", ""retrieved_on"": 1426371421, ""gilded"": 0, ""gildings"": null, ""subreddit"": ""askscience"", ""stickied"": false, ""permalink"": """", ""author_flair_text"": ""Genetics of Immunity to Viral Infection""}"
c0tucb0,cn36l,jontran08,cn36l,I wouldn't rule out that very unlikely possibility just yet. ,1278644393,askscience,1,,"{""score"": 1, ""top_level_comment"": ""c0tucb0"", ""retrieved_on"": 1426372384, ""gilded"": 0, ""gildings"": null, ""subreddit"": ""askscience"", ""stickied"": false, ""permalink"": """", ""author_flair_text"": """"}"
cn5om,cn5om,[deleted],,[deleted],1278564178,askscience,0,/r/askscience/comments/cn5om/would_the_ultimate_evolution_be_a_giant_space/,"{""score"": 0, ""top_level_comment"": null, ""retrieved_on"": 1522933759, ""gilded"": 0, ""gildings"": null, ""subreddit"": ""askscience"", ""stickied"": false, ""permalink"": ""/r/askscience/comments/cn5om/would_the_ultimate_evolution_be_a_giant_space/"", ""author_flair_text"": """"}"
c0trxm7,cn5om,[deleted],cn5om,"I think it's important you denote biological or physical evolution. If you're talking about biological evolution, then no, because there is no replication involved... unless there's mutliverses and that kind of shit, but I don't think there's any evidence for these (don't know, tho, I'm a biologist, not a physicist).",1278573378,askscience,1,,"{""score"": 1, ""top_level_comment"": ""c0trxm7"", ""retrieved_on"": 1426371260, ""gilded"": 0, ""gildings"": null, ""subreddit"": ""askscience"", ""stickied"": false, ""permalink"": """", ""author_flair_text"": """"}"
c0ts85j,cn5om,Jasper1984,cn5om,"Evolution gets stuck in local minima, and often doesn't change *that* much about organisms. Look at anatomy of mammals, not that many differences, really, mainly just different body shapes.

Further, your idea of the universe horribly vague. I'd say galaxies and such don't interact enough to be something similar to proteins/carbs.",1278591419,askscience,1,,"{""score"": 1, ""top_level_comment"": ""c0ts85j"", ""retrieved_on"": 1426371394, ""gilded"": 0, ""gildings"": null, ""subreddit"": ""askscience"", ""stickied"": false, ""permalink"": """", ""author_flair_text"": """"}"
c0tse2h,cn5om,pstryder,cn5om,Exactly how stoned were you when you posted this?,1278597485,askscience,7,,"{""score"": 7, ""top_level_comment"": ""c0tse2h"", ""retrieved_on"": 1426371471, ""gilded"": 0, ""gildings"": null, ""subreddit"": ""askscience"", ""stickied"": false, ""permalink"": """", ""author_flair_text"": """"}"
c0tsfxc,cn5om,NickVenture,cn5om,[It is possible.](http://en.wikipedia.org/wiki/Galactus),1278598917,askscience,1,,"{""score"": 1, ""top_level_comment"": ""c0tsfxc"", ""retrieved_on"": 1426371496, ""gilded"": 0, ""gildings"": null, ""subreddit"": ""askscience"", ""stickied"": false, ""permalink"": """", ""author_flair_text"": """"}"
c0tv0dg,cn5om,mackowski,c0ts85j,"Well this being is so large that its bodily processes would take a lot longer to do what they do.

*Say...... 13.6 billion years?*",1278670977,askscience,0,,"{""score"": 0, ""top_level_comment"": ""c0ts85j"", ""retrieved_on"": 1426372698, ""gilded"": 0, ""gildings"": null, ""subreddit"": ""askscience"", ""stickied"": false, ""permalink"": """", ""author_flair_text"": """"}"
cnixv,cnixv,[deleted],,[deleted],1278639896,askscience,0,/r/askscience/comments/cnixv/space_elevator_question_support_balloons/,"{""score"": 0, ""top_level_comment"": null, ""retrieved_on"": 1522934029, ""gilded"": 0, ""gildings"": null, ""subreddit"": ""askscience"", ""stickied"": false, ""permalink"": ""/r/askscience/comments/cnixv/space_elevator_question_support_balloons/"", ""author_flair_text"": """"}"
c0tu6jd,cnixv,[deleted],cnixv,[deleted],1278639971,askscience,1,,"{""score"": 1, ""top_level_comment"": ""c0tu6jd"", ""retrieved_on"": 1426372309, ""gilded"": 0, ""gildings"": null, ""subreddit"": ""askscience"", ""stickied"": false, ""permalink"": """", ""author_flair_text"": """"}"
c0tu6m7,cnixv,iorgfeflkd,cnixv,Can you draw a picture of what you're describing?,1278640031,askscience,1,,"{""score"": 1, ""top_level_comment"": ""c0tu6m7"", ""retrieved_on"": 1426372310, ""gilded"": 0, ""gildings"": null, ""subreddit"": ""askscience"", ""stickied"": false, ""permalink"": """", ""author_flair_text"": ""Condensed matter | Biophysics | Relativity""}"
c0tu7zp,cnixv,[deleted],c0tu6m7,[deleted],1278641065,askscience,1,,"{""score"": 1, ""top_level_comment"": ""c0tu6m7"", ""retrieved_on"": 1426372328, ""gilded"": 0, ""gildings"": null, ""subreddit"": ""askscience"", ""stickied"": false, ""permalink"": """", ""author_flair_text"": """"}"
c0tu88x,cnixv,iorgfeflkd,c0tu7zp,"Wouldn't the elevator hit the balloon cables?

The method I've seen is to latch the end of the cable to an orbiting asteroid, so they centripetal motion of the asteroid continuously pulls the cable up.

http://en.wikipedia.org/wiki/File:Space_elevator_structural_diagram.svg",1278641271,askscience,1,,"{""score"": 1, ""top_level_comment"": ""c0tu6m7"", ""retrieved_on"": 1426372332, ""gilded"": 0, ""gildings"": null, ""subreddit"": ""askscience"", ""stickied"": false, ""permalink"": """", ""author_flair_text"": ""Condensed matter | Biophysics | Relativity""}"
c0tu8g7,cnixv,Shiznot,c0tu88x,"Does a chair lift hit the poles? I see the point where the cables meet as an engineering problem that is much simpler that the cable itself.  The point of the question is would this add to the space elevator model(stress).

My picture is also modeled on the circular cable design which would utilize rotation to assist in lift but you get the idea it works either way.",1278641449,askscience,1,,"{""score"": 1, ""top_level_comment"": ""c0tu6m7"", ""retrieved_on"": 1426372334, ""gilded"": 0, ""gildings"": null, ""subreddit"": ""askscience"", ""stickied"": false, ""permalink"": """", ""author_flair_text"": """"}"
cnji3,cnji3,[deleted],,[deleted],1278643231,askscience,0,/r/askscience/comments/cnji3/does_anybody_know_much_about_information_science/,"{""score"": 0, ""top_level_comment"": null, ""retrieved_on"": 1522934040, ""gilded"": 0, ""gildings"": null, ""subreddit"": ""askscience"", ""stickied"": false, ""permalink"": ""/r/askscience/comments/cnji3/does_anybody_know_much_about_information_science/"", ""author_flair_text"": """"}"
c0tug1n,cnji3,kouhoutek,cnji3,"Information theory is largely about encoding and decoding complex data across different domains.  

I don't know much about insect biology, but my understanding is there isn't much comples data being transmitted...mostly 1 bit signals like ""food present"" or ""come have sex with me"".

It is not entirely clear to me how you would apply information theory in this situation.  Perhaps you could elaborate a little more about the situations you believe information theory would help you?",1278647248,askscience,2,,"{""score"": 2, ""top_level_comment"": ""c0tug1n"", ""retrieved_on"": 1426372433, ""gilded"": 0, ""gildings"": null, ""subreddit"": ""askscience"", ""stickied"": false, ""permalink"": """", ""author_flair_text"": """"}"
c0tv07e,cnji3,[deleted],c0tug1n,"I'm not totally sure myself, as I don't know much about it. I guess I'm interested in how information is transmitted, how info is perceived and transmutates into behavior, the filtering of noise to extract ""relevant"" information from one's environment, shit like that. And looking at these things from a broad taxonomic standpoint, not a narrow ""the compound diffuses through the waxy cuticle of the insect's sensilla and is picked up by such-and-such protein etc"" or some other taxonomic equivalent. 

&gt;Information theory is largely about encoding and decoding complex data across different domains.

Like I said, I'm not totally sure what I'm looking for, but this sounds like something of it.",1278670636,askscience,1,,"{""score"": 1, ""top_level_comment"": ""c0tug1n"", ""retrieved_on"": 1426372694, ""gilded"": 0, ""gildings"": null, ""subreddit"": ""askscience"", ""stickied"": false, ""permalink"": """", ""author_flair_text"": """"}"
cod6c,cod6c,[deleted],,[deleted],1278871678,askscience,3,/r/askscience/comments/cod6c/question_on_ethics_for_the_sake_of_good_sounds/,"{""score"": 3, ""top_level_comment"": null, ""retrieved_on"": 1522934646, ""gilded"": 0, ""gildings"": null, ""subreddit"": ""askscience"", ""stickied"": false, ""permalink"": ""/r/askscience/comments/cod6c/question_on_ethics_for_the_sake_of_good_sounds/"", ""author_flair_text"": """"}"
c0u16y4,cod6c,lazypuffstone,cod6c,"I think /r/philosophy would be a better place to post this, but that's just my opinion",1278880637,askscience,4,,"{""score"": 4, ""top_level_comment"": ""c0u16y4"", ""retrieved_on"": 1426375595, ""gilded"": 0, ""gildings"": null, ""subreddit"": ""askscience"", ""stickied"": false, ""permalink"": """", ""author_flair_text"": """"}"
c0u1i32,cod6c,djimbob,cod6c,"Again lazypuffstone is right this is a philosophic rather than scientific question. 

That said I doubt most would consider sampling sounds from horrific acts unethical (or using them as a basis to create independent new sounds).  Its fine as long as you had no role in supporting the people who are responsible for the horrific acts, and you are not getting a lot of enjoyment watching the suffering of others (if so you may be developing severe psychological issues).  Possibly you could worry about becoming desensitized to the violence by watching these videos yourself, or about the societal impact of the violent fictions you create, but I think for the most part the psychological research has shown its not that bad.",1278888926,askscience,2,,"{""score"": 2, ""top_level_comment"": ""c0u1i32"", ""retrieved_on"": 1426375740, ""gilded"": 0, ""gildings"": null, ""subreddit"": ""askscience"", ""stickied"": false, ""permalink"": """", ""author_flair_text"": ""High Energy Experimental Physics""}"
cp48p,cp48p,[deleted],,[deleted],1279041054,askscience,1,/r/askscience/comments/cp48p/how_are_species_determined_in_the_homo_genus/,"{""score"": 1, ""top_level_comment"": null, ""retrieved_on"": 1522935192, ""gilded"": 0, ""gildings"": null, ""subreddit"": ""askscience"", ""stickied"": false, ""permalink"": ""/r/askscience/comments/cp48p/how_are_species_determined_in_the_homo_genus/"", ""author_flair_text"": """"}"
c0u9v9o,cp48p,kouhoutek,cp48p,"A species is a group of genetically similar individuals who are able, both biologically, behaviorally, geographically and temporally interbreed.

This definition isn't black and white, and there are a lot of difference of opinion over whether different groups of animals are the same species or not.  There is no single clear cut test to determine this.

In the case of Neanderthals, many scientists do in fact classify them as *Homo sapiens neanderthalensis*, although *Homo neanderthalensis* is more mainstream.

For other member of the *Homo* genus, the genetic, anthropological, and archeological evidence strongly suggests differences that would preclude interbreeding.  Many of them had died out before *Homo sapiens* was ever on the scene.
 ",1279140169,askscience,1,,"{""score"": 1, ""top_level_comment"": ""c0u9v9o"", ""retrieved_on"": 1426379761, ""gilded"": 0, ""gildings"": null, ""subreddit"": ""askscience"", ""stickied"": false, ""permalink"": """", ""author_flair_text"": """"}"
cqasg,cqasg,[deleted],,[deleted],1279289939,askscience,11,/r/askscience/comments/cqasg/what_are_these_saw_this_on_the_side_of_the_road/,"{""score"": 11, ""top_level_comment"": null, ""retrieved_on"": 1522936054, ""gilded"": 0, ""gildings"": null, ""subreddit"": ""askscience"", ""stickied"": false, ""permalink"": ""/r/askscience/comments/cqasg/what_are_these_saw_this_on_the_side_of_the_road/"", ""author_flair_text"": """"}"
c0uf7q0,cqasg,eleitl,cqasg,Ask gewgle for jumping stilts.,1279294335,askscience,2,,"{""score"": 2, ""top_level_comment"": ""c0uf7q0"", ""retrieved_on"": 1426382275, ""gilded"": 0, ""gildings"": null, ""subreddit"": ""askscience"", ""stickied"": false, ""permalink"": """", ""author_flair_text"": ""Cryobiology | Cryonics""}"
c0uf8ei,cqasg,daelpheia,cqasg,"They are really neat, but difficult to learn how to use. Look for jumping stilts on Youtube too for tricks.",1279294782,askscience,5,,"{""score"": 5, ""top_level_comment"": ""c0uf8ei"", ""retrieved_on"": 1426382283, ""gilded"": 0, ""gildings"": null, ""subreddit"": ""askscience"", ""stickied"": false, ""permalink"": """", ""author_flair_text"": ""Evolution | Phylogenetics | Snails""}"
c0ufisz,cqasg,[deleted],c0uf8ei,"Ah! I wouldn't have thought to call them ""stilts"", thank you very much!

http://www.getflyjumpers.com/adult-standard-fly-jumpers.html",1279300801,askscience,3,,"{""score"": 3, ""top_level_comment"": ""c0uf8ei"", ""retrieved_on"": 1426382419, ""gilded"": 0, ""gildings"": null, ""subreddit"": ""askscience"", ""stickied"": false, ""permalink"": """", ""author_flair_text"": """"}"
c0ufj4i,cqasg,[deleted],c0uf7q0,Yup! It looks like they're even made by a canadian company! Thanks!,1279300970,askscience,2,,"{""score"": 2, ""top_level_comment"": ""c0uf7q0"", ""retrieved_on"": 1426382422, ""gilded"": 0, ""gildings"": null, ""subreddit"": ""askscience"", ""stickied"": false, ""permalink"": """", ""author_flair_text"": """"}"
c0ufs6u,cqasg,river-wind,cqasg,"They are AWESOME, that's what.",1279305911,askscience,1,,"{""score"": 1, ""top_level_comment"": ""c0ufs6u"", ""retrieved_on"": 1426382540, ""gilded"": 0, ""gildings"": null, ""subreddit"": ""askscience"", ""stickied"": false, ""permalink"": """", ""author_flair_text"": """"}"
c0uh7vr,cqasg,adaminc,cqasg,"After looking at the pictures at the site you provided a link for, I pretty much think I could make them myself.

It looks like a leaf spring with a foot rest, where the bottom support articulates.

I remember seeing something similar on Daily Planet a few years back, except it was smaller, and it was a prosthetic for an athlete who lost the bottom half of his leg (obviously).

I am betting people took that idea, and went a step further, or maybe vice versa. ",1279342630,askscience,1,,"{""score"": 1, ""top_level_comment"": ""c0uh7vr"", ""retrieved_on"": 1426383210, ""gilded"": 0, ""gildings"": null, ""subreddit"": ""askscience"", ""stickied"": false, ""permalink"": """", ""author_flair_text"": """"}"
cqbbo,cqbbo,office12345,,I need science. ,1279292359,askscience,3,/r/askscience/comments/cqbbo/how_can_a_coroner_tell_a_person_has_died_from/,"{""score"": 3, ""top_level_comment"": null, ""retrieved_on"": 1522936065, ""gilded"": 0, ""gildings"": null, ""subreddit"": ""askscience"", ""stickied"": false, ""permalink"": ""/r/askscience/comments/cqbbo/how_can_a_coroner_tell_a_person_has_died_from/"", ""author_flair_text"": """"}"
c0ufejh,cqbbo,[deleted],cqbbo,"He probably just did an X-ray and looked at the liver, or something like that. A friend of mine who was in med school said that they had to do ""preliminary causes of death"" on living people, and basically could tell (most of the time) of the time how someone over 50 was most likely to die.",1279298414,askscience,1,,"{""score"": 1, ""top_level_comment"": ""c0ufejh"", ""retrieved_on"": 1426382363, ""gilded"": 0, ""gildings"": null, ""subreddit"": ""askscience"", ""stickied"": false, ""permalink"": """", ""author_flair_text"": """"}"
c0uhacg,cqbbo,[deleted],cqbbo,"As a recent transplantee (09"") my liver was et up by Hep C, i was a med-heavy drinker most of my life. If memory serves, the liver they pulled had bloated which was the diagnosis for a hep c liver, a alchol liver shrinks.....but in all honesty, it may be the other way around, bloodwork tells the complete story. I can tell you this, going through what i did...you want no friggin part of, by the time i got the organ, the kidneys were failing and the almost 2 yrs it took to get the new one were a nightmare, the liver has 500 functions and without em, you live in a cesspool of your own toxins.",1279345102,askscience,1,,"{""score"": 1, ""top_level_comment"": ""c0uhacg"", ""retrieved_on"": 1426383242, ""gilded"": 0, ""gildings"": null, ""subreddit"": ""askscience"", ""stickied"": false, ""permalink"": """", ""author_flair_text"": """"}"
cqfqi,cqfqi,JediExile,,"I am AB+, and one of my brothers is O-.  My mother is B- and my father is A+.  From this, I have been able to determine that my mother must be heterozygous for B, and my father must be heterozygous for A and Rh factor.  Also, I must be heterozygous for Rh factor.  Has anyone else done similar genetic studies on their own families?",1279313473,askscience,1,/r/askscience/comments/cqfqi/aborh_blood_type_from_phenotype_to_genotype/,"{""score"": 1, ""top_level_comment"": null, ""retrieved_on"": 1522936154, ""gilded"": 0, ""gildings"": null, ""subreddit"": ""askscience"", ""stickied"": false, ""permalink"": ""/r/askscience/comments/cqfqi/aborh_blood_type_from_phenotype_to_genotype/"", ""author_flair_text"": """"}"
c0ugdj6,cqfqi,xazarus,cqfqi,"Well, I know the blood types of everybody in my family, but I never really thought about it that much.

My mom's A+ and my dad's B-.  Me and my siblings are A-, B+, and AB+.  

So I guess my parents are heterozygous for A and B respectively, and my mom's heterozygous for Rh factor.  Same as yours, but opposite genders.  GTK, I guess.",1279317965,askscience,1,,"{""score"": 1, ""top_level_comment"": ""c0ugdj6"", ""retrieved_on"": 1426382817, ""gilded"": 0, ""gildings"": null, ""subreddit"": ""askscience"", ""stickied"": false, ""permalink"": """", ""author_flair_text"": """"}"
cqjd9,cqjd9,[deleted],,[deleted],1279339217,askscience,4,/r/askscience/comments/cqjd9/renormalizability/,"{""score"": 4, ""top_level_comment"": null, ""retrieved_on"": 1522936228, ""gilded"": 0, ""gildings"": null, ""subreddit"": ""askscience"", ""stickied"": false, ""permalink"": ""/r/askscience/comments/cqjd9/renormalizability/"", ""author_flair_text"": """"}"
c0us7n8,cqjd9,[deleted],cqjd9,"It's not negative mass-dimension, but every operator that has mass dimension &gt; 4 leads to a non-renormalizable theory.

The main problem is that at every order of perturbation theory one has to introduce new counterterms to get rid of divergencies generated by these operators. It is often said, that this spoils the predictive power as the number of parameters increases. 

But from the modern point of view of effective field theories, nonrenormalizabilty is not really an issue (at least as long as one expects some form of a more general theory at a higher scale). The reason is, that every operator with dimension &gt; 4 is suppressed by some scale, typically a scale Lambda where new physics is expected. This is easy to understand, as every operator has to have mass dimension 4 in the Lagrangian, an operator of dimension 4+n is suppressed by Lambda^n. 

In the cross section, these terms in general lead to terms (Energy/Lambda)^n. So as long as one is only interested in an approximation in the limit where Energy &lt; Lambda (and this is actually almost always the case), one only needs a few terms of non-renormalizable operators to get finite precision.",1279694819,askscience,1,,"{""score"": 1, ""top_level_comment"": ""c0us7n8"", ""retrieved_on"": 1426388387, ""gilded"": 0, ""gildings"": null, ""subreddit"": ""askscience"", ""stickied"": false, ""permalink"": """", ""author_flair_text"": """"}"
cqovk,cqovk,LiquidHelium,,"Can you guys recommend me your favourite weekly science podcasts that I can listen to, thanks.",1279390165,askscience,4,/r/askscience/comments/cqovk/askscience_what_are_some_good_weekly_science/,"{""score"": 4, ""top_level_comment"": null, ""retrieved_on"": 1522936339, ""gilded"": 0, ""gildings"": null, ""subreddit"": ""askscience"", ""stickied"": false, ""permalink"": ""/r/askscience/comments/cqovk/askscience_what_are_some_good_weekly_science/"", ""author_flair_text"": """"}"
c0uiaqt,cqovk,nicksauce,cqovk,"Skeptic's guide to the universe, This week in science, SciAm podcast",1279392658,askscience,5,,"{""score"": 5, ""top_level_comment"": ""c0uiaqt"", ""retrieved_on"": 1426383713, ""gilded"": 0, ""gildings"": null, ""subreddit"": ""askscience"", ""stickied"": false, ""permalink"": """", ""author_flair_text"": ""Cosmology | GR | Gravitational Waves""}"
c0uidvt,cqovk,plebican,cqovk,Guardian Science Podcasts are very good [link](http://www.guardian.co.uk/science/series/science),1279395370,askscience,2,,"{""score"": 2, ""top_level_comment"": ""c0uidvt"", ""retrieved_on"": 1426383754, ""gilded"": 0, ""gildings"": null, ""subreddit"": ""askscience"", ""stickied"": false, ""permalink"": """", ""author_flair_text"": """"}"
c0uifej,cqovk,rhiesa,c0uiaqt,Science or fiction is my favorite part of the Skeptic's guide.,1279396742,askscience,2,,"{""score"": 2, ""top_level_comment"": ""c0uiaqt"", ""retrieved_on"": 1426383775, ""gilded"": 0, ""gildings"": null, ""subreddit"": ""askscience"", ""stickied"": false, ""permalink"": """", ""author_flair_text"": """"}"
c0uiojh,cqovk,[deleted],cqovk,[deleted],1279404829,askscience,1,,"{""score"": 1, ""top_level_comment"": ""c0uiojh"", ""retrieved_on"": 1426383893, ""gilded"": 0, ""gildings"": null, ""subreddit"": ""askscience"", ""stickied"": false, ""permalink"": """", ""author_flair_text"": """"}"
c0uixoq,cqovk,S_D_B,cqovk,"Nature and Science both have podcasts, I like Quirks and Quarks from CBC.",1279413297,askscience,1,,"{""score"": 1, ""top_level_comment"": ""c0uixoq"", ""retrieved_on"": 1426384011, ""gilded"": 0, ""gildings"": null, ""subreddit"": ""askscience"", ""stickied"": false, ""permalink"": """", ""author_flair_text"": ""Bio-analytical chemistry | Metabolomics | Proteomics""}"
c0uixun,cqovk,origin415,cqovk,Radiolab,1279413467,askscience,1,,"{""score"": 1, ""top_level_comment"": ""c0uixun"", ""retrieved_on"": 1426384013, ""gilded"": 0, ""gildings"": null, ""subreddit"": ""askscience"", ""stickied"": false, ""permalink"": """", ""author_flair_text"": ""Algebraic Geometry""}"
c0uizr8,cqovk,[deleted],cqovk,"Dr Karl Kruszelnicki has two. 

",1279415269,askscience,1,,"{""score"": 1, ""top_level_comment"": ""c0uizr8"", ""retrieved_on"": 1426384038, ""gilded"": 0, ""gildings"": null, ""subreddit"": ""askscience"", ""stickied"": false, ""permalink"": """", ""author_flair_text"": """"}"
c0ujh0b,cqovk,chrisamiller,c0uixun,This.,1279431961,askscience,1,,"{""score"": 1, ""top_level_comment"": ""c0uixun"", ""retrieved_on"": 1426384261, ""gilded"": 0, ""gildings"": null, ""subreddit"": ""askscience"", ""stickied"": false, ""permalink"": """", ""author_flair_text"": ""Cancer Genomics | Bioinformatics""}"
c0ujh10,cqovk,chrisamiller,cqovk,It would help if you told us whether you're looking for pop science or hard science.,1279431982,askscience,1,,"{""score"": 1, ""top_level_comment"": ""c0ujh10"", ""retrieved_on"": 1426384261, ""gilded"": 0, ""gildings"": null, ""subreddit"": ""askscience"", ""stickied"": false, ""permalink"": """", ""author_flair_text"": ""Cancer Genomics | Bioinformatics""}"
c0ujtr9,cqovk,freedomgeek,cqovk,"This Week in Virology

The Skeptic's Guide to the Universe",1279447832,askscience,2,,"{""score"": 2, ""top_level_comment"": ""c0ujtr9"", ""retrieved_on"": 1426384442, ""gilded"": 0, ""gildings"": null, ""subreddit"": ""askscience"", ""stickied"": false, ""permalink"": """", ""author_flair_text"": """"}"
c0ujuhk,cqovk,yggdrasilly,c0uidvt,Came here to post the same. BBC also have one call [material world](http://www.bbc.co.uk/programmes/b006qyyb),1279449231,askscience,1,,"{""score"": 1, ""top_level_comment"": ""c0uidvt"", ""retrieved_on"": 1426384452, ""gilded"": 0, ""gildings"": null, ""subreddit"": ""askscience"", ""stickied"": false, ""permalink"": """", ""author_flair_text"": ""Combinatorics""}"
c0ujvqs,cqovk,kaminix,cqovk,"Nature science podcast

This week in virology

This week in parasitism

Futures in biotech

------------

Also have one about neurology but I don't remember what it's called. Brain science podcast I think.

Allthough often non-scientific, I'd also highly recommend Stuff You Should Know by HowStuffWorks.com. It's really good.",1279451952,askscience,2,,"{""score"": 2, ""top_level_comment"": ""c0ujvqs"", ""retrieved_on"": 1426384469, ""gilded"": 0, ""gildings"": null, ""subreddit"": ""askscience"", ""stickied"": false, ""permalink"": """", ""author_flair_text"": """"}"
c0ujvrr,cqovk,daelpheia,cqovk,Quirks and Quarks! CBC (Canada),1279452002,askscience,5,,"{""score"": 5, ""top_level_comment"": ""c0ujvrr"", ""retrieved_on"": 1426384469, ""gilded"": 0, ""gildings"": null, ""subreddit"": ""askscience"", ""stickied"": false, ""permalink"": """", ""author_flair_text"": ""Evolution | Phylogenetics | Snails""}"
c0ujxjs,cqovk,plebican,c0ujuhk,"looks interesting, will check it out",1279455306,askscience,1,,"{""score"": 1, ""top_level_comment"": ""c0uidvt"", ""retrieved_on"": 1426384493, ""gilded"": 0, ""gildings"": null, ""subreddit"": ""askscience"", ""stickied"": false, ""permalink"": """", ""author_flair_text"": """"}"
cqu8z,cqu8z,ForsakenDejection,,"So, we upload into a computer, you are basically in a holideck, you make it so that there is a button in the middle of the room where you can press a button so that you have a trillion orgasms a second. How we will overcome to fact that we will all just be neurological junkies when we upload?",1279439021,askscience,1,/r/askscience/comments/cqu8z/how_will_we_overcome_the_fact_that_we_will_all_be/,"{""score"": 1, ""top_level_comment"": null, ""retrieved_on"": 1522936448, ""gilded"": 0, ""gildings"": null, ""subreddit"": ""askscience"", ""stickied"": false, ""permalink"": ""/r/askscience/comments/cqu8z/how_will_we_overcome_the_fact_that_we_will_all_be/"", ""author_flair_text"": """"}"
c0ujs7h,cqu8z,rhiesa,cqu8z,"Well, you can put an electrode in your spine to induce an orgasm. There is also a large amount of heroin in the world which is arguably better.

Presuming we will one day be able to upload our minds into a computer the only way you could avoid that kind of addiction is to choose not to do it. There is satisfaction.. richer in value than that of pleasure. I'm sure there will be people who chose to turn off, I would personally never cross that line.",1279445097,askscience,1,,"{""score"": 1, ""top_level_comment"": ""c0ujs7h"", ""retrieved_on"": 1426384422, ""gilded"": 0, ""gildings"": null, ""subreddit"": ""askscience"", ""stickied"": false, ""permalink"": """", ""author_flair_text"": """"}"
c0uphgx,cqu8z,[deleted],cqu8z,"Reddit, more Reddit!",1279629081,askscience,1,,"{""score"": 1, ""top_level_comment"": ""c0uphgx"", ""retrieved_on"": 1426387114, ""gilded"": 0, ""gildings"": null, ""subreddit"": ""askscience"", ""stickied"": false, ""permalink"": """", ""author_flair_text"": """"}"
cqyw6,cqyw6,Pastasky,,"This isn't actually about the delayed choice quantum eraser experiment, but I came across my question while reading Wikipedia's article on the delayed choice [quantum eraser experiment](http://en.wikipedia.org/wiki/Delayed_choice_quantum_eraser) 

See [this](http://en.wikipedia.org/wiki/File:Beam_Split_and_fuse.svg).

If I understand it correctly, if we only send 1 photon through at a time(using the bottom apparatus), we still get constructive/destructive interference at the 2 exists, and this can be viewed as the photon going along ""both"" paths.

But what happens if we make 1 of the paths longer(say by bouncing the south path south, then east, then north again so it arrives the same way at the end), do we still get interference if we send only 1 photon at a time?",1279482738,askscience,2,/r/askscience/comments/cqyw6/question_about_delayed_choice_quantum_eraser/,"{""score"": 2, ""top_level_comment"": null, ""retrieved_on"": 1522936542, ""gilded"": 0, ""gildings"": null, ""subreddit"": ""askscience"", ""stickied"": false, ""permalink"": ""/r/askscience/comments/cqyw6/question_about_delayed_choice_quantum_eraser/"", ""author_flair_text"": """"}"
ctw1r,ctw1r,MuuaadDib,,,1280166836,askscience,0,/r/askscience/comments/ctw1r/can_someone_please_explain_to_me_what_is_going_on/,"{""score"": 0, ""top_level_comment"": null, ""retrieved_on"": 1522938709, ""gilded"": 0, ""gildings"": null, ""subreddit"": ""askscience"", ""stickied"": false, ""permalink"": ""/r/askscience/comments/ctw1r/can_someone_please_explain_to_me_what_is_going_on/"", ""author_flair_text"": """"}"
c0v84es,ctw1r,[deleted],ctw1r,[deleted],1280168977,askscience,1,,"{""score"": 1, ""top_level_comment"": ""c0v84es"", ""retrieved_on"": 1426395858, ""gilded"": 0, ""gildings"": null, ""subreddit"": ""askscience"", ""stickied"": false, ""permalink"": """", ""author_flair_text"": """"}"
c0v85cl,ctw1r,MuuaadDib,c0v84es,"So, con trails just stop and start and look like spray? I thought they started at different points on the plane as well. But thanks for the down vote and adding nothing to the discussion. ",1280169485,askscience,1,,"{""score"": 1, ""top_level_comment"": ""c0v84es"", ""retrieved_on"": 1426395871, ""gilded"": 0, ""gildings"": null, ""subreddit"": ""askscience"", ""stickied"": false, ""permalink"": """", ""author_flair_text"": """"}"
c0v88hf,ctw1r,omega2079,c0v85cl,"&gt;con trails just stop and start

yes. Air composition and motion is not always consistent. That's why a ride in a plane can be bumpy. Neither is the aircraft's engine output. 

&gt;look like spray?

yes. In some ways they will look the same. You've got a cloud of matter that sunlight hits and reflects it to you.",1280171162,askscience,2,,"{""score"": 2, ""top_level_comment"": ""c0v84es"", ""retrieved_on"": 1426395911, ""gilded"": 0, ""gildings"": null, ""subreddit"": ""askscience"", ""stickied"": false, ""permalink"": """", ""author_flair_text"": """"}"
c0v89l9,ctw1r,MuuaadDib,c0v88hf,"Thanks for the intelligent reply, I thought this might have been dispersant from the BP spill but probably way too high. ",1280171917,askscience,0,,"{""score"": 0, ""top_level_comment"": ""c0v84es"", ""retrieved_on"": 1426395924, ""gilded"": 0, ""gildings"": null, ""subreddit"": ""askscience"", ""stickied"": false, ""permalink"": """", ""author_flair_text"": """"}"
c0v8a4w,ctw1r,[deleted],c0v85cl,[deleted],1280172323,askscience,1,,"{""score"": 1, ""top_level_comment"": ""c0v84es"", ""retrieved_on"": 1426395932, ""gilded"": 0, ""gildings"": null, ""subreddit"": ""askscience"", ""stickied"": false, ""permalink"": """", ""author_flair_text"": """"}"
c0y8sgj,ctw1r,Gpr1me,c0v89l9,That's what they want you to think. I have 10 satellites reading my mind right now so I have to make this quick- WTF WHERE ARE YOU TAKING ME FUUUU-,1283317660,askscience,1,,"{""score"": 1, ""top_level_comment"": ""c0v84es"", ""retrieved_on"": 1426447040, ""gilded"": 0, ""gildings"": null, ""subreddit"": ""askscience"", ""stickied"": false, ""permalink"": """", ""author_flair_text"": """"}"
ctz97,ctz97,othermatt,,I don't think I've ever gotten a definitive answer on this. I feel like the answer should be no but I don't have a good reason for either way. Thanks.,1280182643,askscience,4,/r/askscience/comments/ctz97/if_we_took_all_the_interactions_that_occurred/,"{""score"": 4, ""top_level_comment"": null, ""retrieved_on"": 1522938774, ""gilded"": 0, ""gildings"": null, ""subreddit"": ""askscience"", ""stickied"": false, ""permalink"": ""/r/askscience/comments/ctz97/if_we_took_all_the_interactions_that_occurred/"", ""author_flair_text"": """"}"
c0vlxat,ctz97,Zulban,ctz97,"This is more of a philosophy question. If you're a determinist and if the universe (including alternate realities created by quantum events, if that's your thing) is truly rewound then the answer is obviously yes, it would unfold the same.

The reason you'd like to say no is probably because you like the idea of free will. You see, it's impossible for humans to truly make choices if the universe dictates that we will act exactly the same a second time. The problem with this assertion is that it requires humans or their ""souls"" to operate independently of the universe, in some kind of magical realm of magic. However, most people who are scientifically minded will tell you that when you say ""everything"" (aka the universe) you mean to include ""everything"", including every single piece of existence that humans are made of.",1280525547,askscience,1,,"{""score"": 1, ""top_level_comment"": ""c0vlxat"", ""retrieved_on"": 1426402351, ""gilded"": 0, ""gildings"": null, ""subreddit"": ""askscience"", ""stickied"": false, ""permalink"": """", ""author_flair_text"": """"}"
cvi0h,cvi0h,zosomoseph,,"I saw this during a large storm in detroit last week.  can anyone confirm?  just curious.  I apologize for the poor photo quality.

http://imgur.com/itrSm.jpg",1280500458,askscience,6,/r/askscience/comments/cvi0h/mammatus_clouds/,"{""score"": 6, ""top_level_comment"": null, ""retrieved_on"": 1522939878, ""gilded"": 0, ""gildings"": null, ""subreddit"": ""askscience"", ""stickied"": false, ""permalink"": ""/r/askscience/comments/cvi0h/mammatus_clouds/"", ""author_flair_text"": """"}"
c0vkn3n,cvi0h,DharmaBeer,cvi0h,The photo quality was terrible.,1280500500,askscience,2,,"{""score"": 2, ""top_level_comment"": ""c0vkn3n"", ""retrieved_on"": 1426401752, ""gilded"": 0, ""gildings"": null, ""subreddit"": ""askscience"", ""stickied"": false, ""permalink"": """", ""author_flair_text"": """"}"
c0vknaq,cvi0h,xkillx,cvi0h,you need to submit the photo.,1280500643,askscience,2,,"{""score"": 2, ""top_level_comment"": ""c0vknaq"", ""retrieved_on"": 1426401754, ""gilded"": 0, ""gildings"": null, ""subreddit"": ""askscience"", ""stickied"": false, ""permalink"": """", ""author_flair_text"": """"}"
c0vkne8,cvi0h,zosomoseph,c0vknaq,not sure what happened.  there should be a link now.,1280500697,askscience,2,,"{""score"": 2, ""top_level_comment"": ""c0vknaq"", ""retrieved_on"": 1426401756, ""gilded"": 0, ""gildings"": null, ""subreddit"": ""askscience"", ""stickied"": false, ""permalink"": """", ""author_flair_text"": """"}"
c0vm1pw,cvi0h,zapeta,cvi0h,"I'd say yes, as long as the clouds were actually attached to/in contact with the above cloud deck.  Its hard to tell if that was the case from the photo.  

Edit:  Didn't notice I wasn't viewing the photo at full resolution.  Definitely mammatus, especially in the middle over what appears to be a road and to the right of that.  To the left, its probably mammatus but there also appears to be some cumulus clouds.",1280528291,askscience,2,,"{""score"": 2, ""top_level_comment"": ""c0vm1pw"", ""retrieved_on"": 1426402407, ""gilded"": 0, ""gildings"": null, ""subreddit"": ""askscience"", ""stickied"": false, ""permalink"": """", ""author_flair_text"": ""Meteorology | Physical Geography | Atmospheric Hazards""}"
cvpra,cvpra,[deleted],,"There seem to be at least three or four organisms which are able to withstand very high levels of radiation, none particularly closely related to each other (one is a bacteria - Deinococcus radiodurans, one is an archaea - Thermococcus gammatolerans, and one is an animal - Tardigrade). Is it known _why_ these organisms evolved this particular ability? I wouldn't have thought they were likely to run into such radiation levels in nature.",1280542948,askscience,1,/r/askscience/comments/cvpra/why_are_radiodurans_and_so_on_well_radiodurans/,"{""score"": 1, ""top_level_comment"": null, ""retrieved_on"": 1522940039, ""gilded"": 0, ""gildings"": null, ""subreddit"": ""askscience"", ""stickied"": false, ""permalink"": ""/r/askscience/comments/cvpra/why_are_radiodurans_and_so_on_well_radiodurans/"", ""author_flair_text"": """"}"
c0vri7r,cvpra,TheWalruss,cvpra,"Maybe asking ""why"" isn't the right approach - but ""how""? If there's no direct selection for radiation-resistance, then the gene must be associated with something else that is selected for, or entirely happenstance (which is probably unlikely). 

Perhaps the same process that gives extreme radiation resistance is related to thermal resilience, resistance to dehydration, or something similar? On the other hand, resistance to mutation by UV does seem handy for little translucent critters, no?",1280733628,askscience,2,,"{""score"": 2, ""top_level_comment"": ""c0vri7r"", ""retrieved_on"": 1426404975, ""gilded"": 0, ""gildings"": null, ""subreddit"": ""askscience"", ""stickied"": false, ""permalink"": """", ""author_flair_text"": ""Science Butler | Artificial Intelligence""}"
ny2xk,ny2xk,S03,,,1325377423,askscience,0,/r/askscience/comments/ny2xk/has_there_been_any_research_on_the_effects_on_how/,"{""score"": 0, ""top_level_comment"": null, ""retrieved_on"": -1, ""gilded"": -1, ""gildings"": null, ""subreddit"": ""askscience"", ""stickied"": false, ""permalink"": ""/r/askscience/comments/ny2xk/has_there_been_any_research_on_the_effects_on_how/"", ""author_flair_text"": """"}"
c3cue60,ny2xk,mutatron,ny2xk,"The ozone layer lies about 12 to 19 miles above the surface of the Earth, so fireworks themselves don't get up there.

US yearly fireworks consumption is about [a hundred thousand metric tons](http://www.americanpyro.com/pdf/FireworksConsumptionFigures2000-09.pdf). If everyone in the world used fireworks at the same rate as Americans, global consumption would be about 2.2 million metric tons per year, which is not very much compared to global consumption of other things. Any damage that might be done, by additives to fireworks, for example, which control things like burn rates and coloring, would probably be on a low enough level to be quickly repaired by natural processes.",1325379091,askscience,2,,"{""score"": 2, ""top_level_comment"": ""c3cue60"", ""retrieved_on"": 1428104797, ""gilded"": 0, ""gildings"": null, ""subreddit"": ""askscience"", ""stickied"": false, ""permalink"": """", ""author_flair_text"": """"}"
c3exng8,ny2xk,S03,c3cue60,"Sorry for the late reply. Great answer, thank you.",1325978652,askscience,1,,"{""score"": 1, ""top_level_comment"": ""c3cue60"", ""retrieved_on"": 1428140955, ""gilded"": 0, ""gildings"": null, ""subreddit"": ""askscience"", ""stickied"": false, ""permalink"": """", ""author_flair_text"": """"}"
ny46j,ny46j,lnxsux,,"A friend and I were just talking and briefly mentioned ship of theseus, which led to us debating whether all atoms of all the neurons eventually get replaced in a lifetime.

One link which came up was: http://www.npr.org/templates/story/story.php?storyId=11893583 which says that 98% of the atoms get replaced in the human body every year.

I was still skeptical that neurons eventually all get replaced because I read that some neurons exist throughout a person's lifetime. Maybe I just don't understand some cellular processes, but that's beside the point.

I would like to ask /r/askscience about your take on this fascinating question.",1325379645,askscience,1,/r/askscience/comments/ny46j/do_all_atoms_in_all_neurons_eventually_get/,"{""score"": 1, ""top_level_comment"": null, ""retrieved_on"": -1, ""gilded"": -1, ""gildings"": null, ""subreddit"": ""askscience"", ""stickied"": false, ""permalink"": ""/r/askscience/comments/ny46j/do_all_atoms_in_all_neurons_eventually_get/"", ""author_flair_text"": """"}"
ny5bd,ny5bd,yamaha893,,"I work at a horse track and I got to wondering just how it is that a horse can get so big and muscular on what amounts to a diet consisting almost entirely of hay? I mean what exactly is the calorie content of grass? I was under the impression that something so powerful would require a lot of protein, but when i think of the diet of a horse, there seems to be something missing.

This got me thinking to something of other large animals, namely dinosaurs. THe largest of the dinosaurs were vegetarian from what i know, but i cant wrap my head around just how many tonnes of leaves a beast would have to consume to get that big.

What am I missing here?
",1325381731,askscience,1,/r/askscience/comments/ny5bd/how_do_some_animals_get_to_be_so_large/,"{""score"": 1, ""top_level_comment"": null, ""retrieved_on"": -1, ""gilded"": -1, ""gildings"": null, ""subreddit"": ""askscience"", ""stickied"": false, ""permalink"": ""/r/askscience/comments/ny5bd/how_do_some_animals_get_to_be_so_large/"", ""author_flair_text"": """"}"
nyc7b,nyc7b,[deleted],,,1325397252,askscience,0,/r/askscience/comments/nyc7b/are_there_any_life_supporting_planets_orbiting/,"{""score"": 0, ""top_level_comment"": null, ""retrieved_on"": -1, ""gilded"": -1, ""gildings"": null, ""subreddit"": ""askscience"", ""stickied"": false, ""permalink"": ""/r/askscience/comments/nyc7b/are_there_any_life_supporting_planets_orbiting/"", ""author_flair_text"": """"}"
c3cwdm5,nyc7b,lazyliberal,nyc7b,Try [here](http://www.nasa.gov/mission_pages/kepler/main/index.html),1325397928,askscience,2,,"{""score"": 2, ""top_level_comment"": ""c3cwdm5"", ""retrieved_on"": 1428105735, ""gilded"": 0, ""gildings"": null, ""subreddit"": ""askscience"", ""stickied"": false, ""permalink"": """", ""author_flair_text"": """"}"
c3cwdsk,nyc7b,[deleted],nyc7b,"We don't know of any planets that have life besides Earth, however quite a few planets have been discovered in the habitable zones surrounding other stars.

[Here's a website of planets that could have life on them](http://phl.upr.edu/projects/habitable-exoplanets-catalog).",1325397977,askscience,2,,"{""score"": 2, ""top_level_comment"": ""c3cwdsk"", ""retrieved_on"": 1428105737, ""gilded"": 0, ""gildings"": null, ""subreddit"": ""askscience"", ""stickied"": false, ""permalink"": """", ""author_flair_text"": """"}"
c3cwffm,nyc7b,nrock2256,c3cwdsk,"Aah yes, i do know that. I just worded the question wrong. Thanks.
",1325398441,askscience,1,,"{""score"": 1, ""top_level_comment"": ""c3cwdsk"", ""retrieved_on"": 1428105761, ""gilded"": 0, ""gildings"": null, ""subreddit"": ""askscience"", ""stickied"": false, ""permalink"": """", ""author_flair_text"": """"}"
c3cyfrs,nyc7b,ignatiusloyola,c3cwffm,"By constellations, you mean...?

Are you wondering if there are any planets orbiting stars that are part of astrological constellations?

langfan gave you a good link, but I am just curious what the constellations have to do with it. Astrology is not something scientists generally believe in.",1325429251,askscience,1,,"{""score"": 1, ""top_level_comment"": ""c3cwdsk"", ""retrieved_on"": 1428106704, ""gilded"": 0, ""gildings"": null, ""subreddit"": ""askscience"", ""stickied"": false, ""permalink"": """", ""author_flair_text"": ""High Energy Physics | Theoretical Particle Physics""}"
c3d26d8,nyc7b,nrock2256,c3cyfrs,"Exactly.

",1325459470,askscience,1,,"{""score"": 1, ""top_level_comment"": ""c3cwdsk"", ""retrieved_on"": 1428108533, ""gilded"": 0, ""gildings"": null, ""subreddit"": ""askscience"", ""stickied"": false, ""permalink"": """", ""author_flair_text"": """"}"
nycav,nycav,oneofyou,,"I realize its incorrect to say that humans evolved from monkeys, and in actuality humans and monkeys took different evolutionary paths from a common ancestor. What are some more examples of this where the result is quite different (moreso than lion v. house cat) but still noticable enough to be surprising to someone upon realizing this. Possibly bears and dogs (I'm not sure if that's accurate) or maybe... I can't think of any others. I suppose cetacians would apply too, but for people who have never really seen a whale compared to a dolphin that might be too close and obvious too.",1325397500,askscience,1,/r/askscience/comments/nycav/question_on_evolutionary_common_ancestors/,"{""score"": 1, ""top_level_comment"": null, ""retrieved_on"": -1, ""gilded"": -1, ""gildings"": null, ""subreddit"": ""askscience"", ""stickied"": false, ""permalink"": ""/r/askscience/comments/nycav/question_on_evolutionary_common_ancestors/"", ""author_flair_text"": """"}"
c45nkeq,nycav,imro,nycav,"Cows, hypos and whales?",1332890716,askscience,1,,"{""score"": 1, ""top_level_comment"": ""c45nkeq"", ""retrieved_on"": 1428606513, ""gilded"": 0, ""gildings"": null, ""subreddit"": ""askscience"", ""stickied"": false, ""permalink"": """", ""author_flair_text"": """"}"
nyd1c,nyd1c,rumrokh,,"Everybody I know has had the experience of not realizing how thirsty they truly are and suddenly finding themselves chugging water as soon as it touches their lips. You need to hydrate, so if you are dehydrated, this makes sense. Same goes for a sports drink or lemonade on a hot day.

However, even when I'm not dehydrated, I'll find myself chugging other beverages. Sometimes it's juice, but very frequently, it's milk or chocolate milk. I know a lot of people who have the same response to milk. Is it just the viscosity or is it some other physiological trigger, other than a need for hydration, that causes this apparent compulsion?",1325399387,askscience,1,/r/askscience/comments/nyd1c/is_there_a_physiological_reason_that_i_feel_the/,"{""score"": 1, ""top_level_comment"": null, ""retrieved_on"": -1, ""gilded"": -1, ""gildings"": null, ""subreddit"": ""askscience"", ""stickied"": false, ""permalink"": ""/r/askscience/comments/nyd1c/is_there_a_physiological_reason_that_i_feel_the/"", ""author_flair_text"": """"}"
nyd49,nyd49,[deleted],,"If a photon has a rest mass of zero, wouldn't that imply that it also has zero energy, since e=mc^2 ?",1325399571,askscience,0,/r/askscience/comments/nyd49/how_can_a_photon_have_a_rest_mass_of_zero/,"{""score"": 0, ""top_level_comment"": null, ""retrieved_on"": -1, ""gilded"": -1, ""gildings"": null, ""subreddit"": ""askscience"", ""stickied"": false, ""permalink"": ""/r/askscience/comments/nyd49/how_can_a_photon_have_a_rest_mass_of_zero/"", ""author_flair_text"": """"}"
c3cwl6n,nyd49,Occasionally_Right,nyd49,"E = mc^2 is only part of the equation; in particular, it's the part that describes the energy of an object in its rest frame, which is something that a photon doesn't meaningfully have.

The full equation is E^2 = (mc^2 )^2 + (pc)^2 where p is the momentum. If an object is at rest then it has zero momentum, so this reduces to E = mc^2 . On the other hand, if it has no mass then the equation becomes E = pc, which says that the energy of a massless particle is proportional to its momentum. Photons do indeed have energy and momentum, consistent with this equation.",1325400013,askscience,13,,"{""score"": 13, ""top_level_comment"": ""c3cwl6n"", ""retrieved_on"": 1428105838, ""gilded"": 0, ""gildings"": null, ""subreddit"": ""askscience"", ""stickied"": false, ""permalink"": """", ""author_flair_text"": """"}"
c3cwol6,nyd49,[deleted],c3cwl6n,[deleted],1325400970,askscience,1,,"{""score"": 1, ""top_level_comment"": ""c3cwl6n"", ""retrieved_on"": 1428105878, ""gilded"": 0, ""gildings"": null, ""subreddit"": ""askscience"", ""stickied"": false, ""permalink"": """", ""author_flair_text"": """"}"
c3cxnmd,nyd49,[deleted],nyd49,[deleted],1325413242,askscience,1,,"{""score"": 1, ""top_level_comment"": ""c3cxnmd"", ""retrieved_on"": 1428106336, ""gilded"": 0, ""gildings"": null, ""subreddit"": ""askscience"", ""stickied"": false, ""permalink"": """", ""author_flair_text"": """"}"
c3cyeeg,nyd49,ignatiusloyola,nyd49,"Photons travel at the speed of light and therefore don't have a rest frame (a frame of reference in which they are at rest). They still carry energy related to their momentum (which is related to their frequency).

Occasionally_Right has a good explanation, but I wanted to add in a slightly different way of explaining it in words (without equations).",1325428620,askscience,3,,"{""score"": 3, ""top_level_comment"": ""c3cyeeg"", ""retrieved_on"": 1428106688, ""gilded"": 0, ""gildings"": null, ""subreddit"": ""askscience"", ""stickied"": false, ""permalink"": """", ""author_flair_text"": ""High Energy Physics | Theoretical Particle Physics""}"
nyfhl,nyfhl,tru67,,"I understand the evolutionary side, big breasts stores lots of milk for offspring, etc...

but I do not understand how it work neurologically. does our brain contain a picture of the ideal female specimen and the closer a real woman matches that ingrained picture the hotter she is?

how does the brain recognize a woman bending over and ""presenting herself""? when you think about it it is an interesting question. it implies that the mind might be created with image recognition preprogrammed, hypothetically...",1325406001,askscience,0,/r/askscience/comments/nyfhl/why_do_we_find_the_opposite_sex_attractive/,"{""score"": 0, ""top_level_comment"": null, ""retrieved_on"": -1, ""gilded"": -1, ""gildings"": null, ""subreddit"": ""askscience"", ""stickied"": false, ""permalink"": ""/r/askscience/comments/nyfhl/why_do_we_find_the_opposite_sex_attractive/"", ""author_flair_text"": """"}"
c3cxjuk,nyfhl,mutatron,nyfhl,[Here's an article](http://www.nhne.org/news/NewsArticlesArchive/tabid/400/articleType/ArticleView/articleId/5019/language/en-US/What-Really-Makes-Us-Attractive-To-The-Opposite-Sex.aspx) that touches lightly on some of the aspects of this broad question.,1325411536,askscience,2,,"{""score"": 2, ""top_level_comment"": ""c3cxjuk"", ""retrieved_on"": 1428106287, ""gilded"": 0, ""gildings"": null, ""subreddit"": ""askscience"", ""stickied"": false, ""permalink"": """", ""author_flair_text"": """"}"
c3cyevh,nyfhl,wonderfuldog,c3cxjuk,As it were ...,1325428840,askscience,1,,"{""score"": 1, ""top_level_comment"": ""c3cxjuk"", ""retrieved_on"": 1428106693, ""gilded"": 0, ""gildings"": null, ""subreddit"": ""askscience"", ""stickied"": false, ""permalink"": """", ""author_flair_text"": """"}"
nyi4y,nyi4y,[deleted],,,1325416187,askscience,0,/r/askscience/comments/nyi4y/why_is_space_so_clear/,"{""score"": 0, ""top_level_comment"": null, ""retrieved_on"": -1, ""gilded"": -1, ""gildings"": null, ""subreddit"": ""askscience"", ""stickied"": false, ""permalink"": ""/r/askscience/comments/nyi4y/why_is_space_so_clear/"", ""author_flair_text"": """"}"
c3cxtuh,nyi4y,Amarkov,nyi4y,Because it doesn't have very much stuff in it. Why would space *not* be clear?,1325416428,askscience,6,,"{""score"": 6, ""top_level_comment"": ""c3cxtuh"", ""retrieved_on"": 1428106418, ""gilded"": 0, ""gildings"": null, ""subreddit"": ""askscience"", ""stickied"": false, ""permalink"": """", ""author_flair_text"": """"}"
c3cy8za,nyi4y,parsley61,nyi4y,"Stuff in space is attracted to other stuff in space by gravity.  
The vast majority of stuff therefore ends up in relatively small rotating clumps or clouds.

This process clears the majority of space extremely effectively.",1325425711,askscience,1,,"{""score"": 1, ""top_level_comment"": ""c3cy8za"", ""retrieved_on"": 1428190523, ""gilded"": 0, ""gildings"": null, ""subreddit"": ""askscience"", ""stickied"": false, ""permalink"": """", ""author_flair_text"": """"}"
c3cydrx,nyi4y,ignatiusloyola,nyi4y,"In an atmosphere, light travels in roughly a straight line, but often ends up interacting with the gaseous molecules it is traveling through. This causes what is called ""diffusion"". The light will tend to spread out. The more dense the gas, the more diffuse the light will become.

In space, gas molecules are so far apart that diffusion becomes a negligible effect. Light traveling in a straight line remains almost entirely undeflected between transmission and absorption.",1325428319,askscience,1,,"{""score"": 1, ""top_level_comment"": ""c3cydrx"", ""retrieved_on"": 1428106678, ""gilded"": 0, ""gildings"": null, ""subreddit"": ""askscience"", ""stickied"": false, ""permalink"": """", ""author_flair_text"": ""High Energy Physics | Theoretical Particle Physics""}"
c3da5gz,nyi4y,jarsky,nyi4y,"For the same reason that the opposite of hot is cold, or the opposite of light is dark, it's the absence of anything. ",1325528780,askscience,1,,"{""score"": 1, ""top_level_comment"": ""c3da5gz"", ""retrieved_on"": 1428112367, ""gilded"": 0, ""gildings"": null, ""subreddit"": ""askscience"", ""stickied"": false, ""permalink"": """", ""author_flair_text"": """"}"
nynsm,nynsm,Kira_kappuke-ki,,"When we are thirsty, or have a dry mouth, why do we continuously drink a drink until it's completely gone and not until our mouth isn't dry anymore? Is it the temptation of the drink that makes us chug it mindlessly or is there an actually reason to drink that fast?",1325436338,askscience,0,/r/askscience/comments/nynsm/when_thirsty_why_do_we_keep_drinking/,"{""score"": 0, ""top_level_comment"": null, ""retrieved_on"": -1, ""gilded"": -1, ""gildings"": null, ""subreddit"": ""askscience"", ""stickied"": false, ""permalink"": ""/r/askscience/comments/nynsm/when_thirsty_why_do_we_keep_drinking/"", ""author_flair_text"": """"}"
c3d0yir,nynsm,billyvnilly,nynsm,"There are many many nerve collections (nuclei) that control different aspects of fluids/hydration/osmotic pressures/vascular stability.  We drink because one of these nuclei detect an imbalance.  We drink to stabilize this imbalance.  We drink a lot because the process does take time.  fluids don't just go straight to your blood stream.  They go through your bowels, absorbed by your large intestine, filtered through your kidneys, which only then tell your brain they balance is restored.

I can't find reference, but as we age, we also become less able to detect dehydration.  Kids are much more receptive to dehydration.",1325451146,askscience,1,,"{""score"": 1, ""top_level_comment"": ""c3d0yir"", ""retrieved_on"": 1428107958, ""gilded"": 0, ""gildings"": null, ""subreddit"": ""askscience"", ""stickied"": false, ""permalink"": """", ""author_flair_text"": """"}"
nynsr,nynsr,[deleted],,"I understand that water is important to life, but what makes it so vital that all organisms in the universe can exist only in the presence of water? I understand some properties of water are important for life, such as ice floating on top of water, but it seems a bit mind-boggling that one molecule is what determines if there is life or not on a planet. What about this molecule allows for life to flourish?

Thanks Reddit!",1325436346,askscience,0,/r/askscience/comments/nynsr/why_is_it_that_we_are_looking_for_water_on_other/,"{""score"": 0, ""top_level_comment"": null, ""retrieved_on"": -1, ""gilded"": -1, ""gildings"": null, ""subreddit"": ""askscience"", ""stickied"": false, ""permalink"": ""/r/askscience/comments/nynsr/why_is_it_that_we_are_looking_for_water_on_other/"", ""author_flair_text"": """"}"
c3czc2v,nynsr,Staus,nynsr,"All life that we know of - all of it - needs liquid water. Now all of that life is here on earth, but the point stands. So when looking for life elsewhere we start with what we know. 

Water is a special molecule and there are lots of reasons it is conducive to supporting life. A simple search will find you lots of details.

When you are alone in the forest you look for smoke and listen for cars to find people. You don't waste your time digging for possible mole people and checking to see if any of the trees are sentient.",1325439432,askscience,1,,"{""score"": 1, ""top_level_comment"": ""c3czc2v"", ""retrieved_on"": 1428107193, ""gilded"": 0, ""gildings"": null, ""subreddit"": ""askscience"", ""stickied"": false, ""permalink"": """", ""author_flair_text"": """"}"
nyp3m,nyp3m,mandyvigilante,,"This is a pretty weird question, I guess, and I tried searching the AskScience archives but I couldn't find anyone else who has already asked it.  

Basically, when I am really hungry, the back of my mouth crackles as though I have poprocks (you know, that weird candy) in it.  I've asked other people about it and no one ever has any idea what I'm talking about.  What might cause it?",1325439114,askscience,1,/r/askscience/comments/nyp3m/why_does_the_back_of_my_mouth_crackle_when_im/,"{""score"": 1, ""top_level_comment"": null, ""retrieved_on"": -1, ""gilded"": -1, ""gildings"": null, ""subreddit"": ""askscience"", ""stickied"": false, ""permalink"": ""/r/askscience/comments/nyp3m/why_does_the_back_of_my_mouth_crackle_when_im/"", ""author_flair_text"": """"}"
c3czii5,nyp3m,Magnus_,nyp3m,The same thing happens to me. I don't know anybody else IRL who knows what I'm talking about. It does seem to me like it's possibly the sound of a gland secreting a fluid somewhere in my brain. But I don't know.,1325440892,askscience,1,,"{""score"": 1, ""top_level_comment"": ""c3czii5"", ""retrieved_on"": 1428107281, ""gilded"": 0, ""gildings"": null, ""subreddit"": ""askscience"", ""stickied"": false, ""permalink"": """", ""author_flair_text"": """"}"
c3d4lbz,nyp3m,mandyvigilante,c3czii5,:(  I guess we'll never know... no one seems to be interested in my question.  ,1325475814,askscience,1,,"{""score"": 1, ""top_level_comment"": ""c3czii5"", ""retrieved_on"": 1428109673, ""gilded"": 0, ""gildings"": null, ""subreddit"": ""askscience"", ""stickied"": false, ""permalink"": """", ""author_flair_text"": """"}"
c3d6p49,nyp3m,Magnus_,nyp3m,"http://ask.metafilter.com/57565/Im-only-hungry-when-it-rains-wait-what

I found this last time I thought to look this up.

Unfortunately it doesn't provide an explanation.",1325490623,askscience,1,,"{""score"": 1, ""top_level_comment"": ""c3d6p49"", ""retrieved_on"": 1428110739, ""gilded"": 0, ""gildings"": null, ""subreddit"": ""askscience"", ""stickied"": false, ""permalink"": """", ""author_flair_text"": """"}"
nypcs,nypcs,Hadrron,,"I'll give an example, I watched a TV show that I really liked and none of my friends knew it. I felt a compelling need to show the show to them, even though I knew they would not really like it. Why does this happen?",1325439644,askscience,6,/r/askscience/comments/nypcs/what_is_the_psychological_phenomenon_behind/,"{""score"": 6, ""top_level_comment"": null, ""retrieved_on"": -1, ""gilded"": -1, ""gildings"": null, ""subreddit"": ""askscience"", ""stickied"": false, ""permalink"": ""/r/askscience/comments/nypcs/what_is_the_psychological_phenomenon_behind/"", ""author_flair_text"": """"}"
c3d0o26,nypcs,[deleted],nypcs,ego,1325449160,askscience,-1,,"{""score"": -1, ""top_level_comment"": ""c3d0o26"", ""retrieved_on"": 1428107822, ""gilded"": 0, ""gildings"": null, ""subreddit"": ""askscience"", ""stickied"": false, ""permalink"": """", ""author_flair_text"": """"}"
c3d0tlm,nypcs,[deleted],c3d0o26,/thread,1325450220,askscience,-4,,"{""score"": -4, ""top_level_comment"": ""c3d0o26"", ""retrieved_on"": 1428107894, ""gilded"": 0, ""gildings"": null, ""subreddit"": ""askscience"", ""stickied"": false, ""permalink"": """", ""author_flair_text"": """"}"
c3d0x4y,nypcs,[deleted],nypcs,[deleted],1325450880,askscience,-6,,"{""score"": -6, ""top_level_comment"": ""c3d0x4y"", ""retrieved_on"": 1428107941, ""gilded"": 0, ""gildings"": null, ""subreddit"": ""askscience"", ""stickied"": false, ""permalink"": """", ""author_flair_text"": """"}"
c3d120z,nypcs,BlazeOrangeDeer,nypcs,"Well, sharing new knowledge with members of your social group has pretty obvious survival advantages, doesn't it?",1325451802,askscience,-5,,"{""score"": -5, ""top_level_comment"": ""c3d120z"", ""retrieved_on"": 1428108005, ""gilded"": 0, ""gildings"": null, ""subreddit"": ""askscience"", ""stickied"": false, ""permalink"": """", ""author_flair_text"": """"}"
c3d2gkq,nypcs,liveat60fps,nypcs,"I recently finished watching Lost, after not really wanting to bother with it, but now that I've seen it, I'm trying to convince everyone I know to watch it too. I felt a huge amount of emotions, both positive and negative while watching the series, and I can only assume that for some reason that I want others to experience those same emotions and experiences. I assume that we have a psychological need to have shared experiences with other people.

Here's an interesting [article]( http://www.outofmygord.com/archive/2010/02/20/The-Psychology-of-Entertainment-Why-We-Love-Watching-in-Crowds.aspx) that might help.",1325461491,askscience,1,,"{""score"": 1, ""top_level_comment"": ""c3d2gkq"", ""retrieved_on"": 1428108668, ""gilded"": 0, ""gildings"": null, ""subreddit"": ""askscience"", ""stickied"": false, ""permalink"": """", ""author_flair_text"": """"}"
c3d3lit,nypcs,wonderfuldog,nypcs,"Primate status. 

The person who demonstrates good mastery of the ""cool"" stuff has more followers / groupies. ",1325469353,askscience,1,,"{""score"": 1, ""top_level_comment"": ""c3d3lit"", ""retrieved_on"": 1428109202, ""gilded"": 0, ""gildings"": null, ""subreddit"": ""askscience"", ""stickied"": false, ""permalink"": """", ""author_flair_text"": """"}"
nyqrt,nyqrt,bewt,,"I think jealousy gets in the way of rational thinking, but then again I may be a Jedi. :) For example, on new years eve, I go to a party all because of my prospective female's presence there. We are not dating, yet every time she dances with someone else I am very jealous. What's the point of jealousy in this situation. Is it to aid me by giving me more drive?

I'd like to think I'm not a savage who is driven by his emotions. How does jealousy aid in evolution? Is it the drive idea above? 

Also, is jealousy central to humans? I don't think so, because I feel that my dogs get jealous of each other (Or am I projecting that on them?)",1325442211,askscience,1,/r/askscience/comments/nyqrt/what_purpose_does_jealousy_have_in_human/,"{""score"": 1, ""top_level_comment"": null, ""retrieved_on"": -1, ""gilded"": -1, ""gildings"": null, ""subreddit"": ""askscience"", ""stickied"": false, ""permalink"": ""/r/askscience/comments/nyqrt/what_purpose_does_jealousy_have_in_human/"", ""author_flair_text"": """"}"
nyrcv,nyrcv,iamanomynous,,...or even the heart? Or are these so hard-wired against conscious control that it's impossible?,1325443238,askscience,2,/r/askscience/comments/nyrcv/with_the_right_conditioning_can_someone_control/,"{""score"": 2, ""top_level_comment"": null, ""retrieved_on"": -1, ""gilded"": -1, ""gildings"": null, ""subreddit"": ""askscience"", ""stickied"": false, ""permalink"": ""/r/askscience/comments/nyrcv/with_the_right_conditioning_can_someone_control/"", ""author_flair_text"": """"}"
c3d1akd,nyrcv,[deleted],nyrcv,"You cannot control smooth muscle. You can only control some skeletal muscles. There are some skeletal muscles that you, or most people, cannot control, such as the tensor tympani muscle in your ear.

",1325453448,askscience,3,,"{""score"": 3, ""top_level_comment"": ""c3d1akd"", ""retrieved_on"": 1428190497, ""gilded"": 0, ""gildings"": null, ""subreddit"": ""askscience"", ""stickied"": false, ""permalink"": """", ""author_flair_text"": """"}"
c3d3itr,nyrcv,suP3rn0v4,nyrcv,"You can control the dilation of your pupils. It will take a bit of practice but there are two methods people seem to find effective.  

1. Make your vision go as blurry as you can, e.g. until this text is just a grey blob. However, if you begin to see double your eyes are going out of focus.
  
2. If you contract your stomach muscles after a while your pupils should dilate. This is thought to have something to do with the butterflies in the stomach feeling in relation to the fight or flight theory.  



",1325468846,askscience,1,,"{""score"": 1, ""top_level_comment"": ""c3d3itr"", ""retrieved_on"": 1428109167, ""gilded"": 0, ""gildings"": null, ""subreddit"": ""askscience"", ""stickied"": false, ""permalink"": """", ""author_flair_text"": """"}"
nyrjy,nyrjy,[deleted],,"I remember seeing some website dispute Gore's documentary ""An Inconvenient Truth"" and I remember one of the arguments was disputing people who claim polar bears are dying because of melting ice caps. Then they pointed out how polar bears have been around for about 200,000 years at least, and since then there have been multiple warm periods, even warmer this century. 

so anyways, my question is, not as a ""global warming"" denier, but as someone who would just like a reasonable dispute or explanation to this claim, why would polar bears all be dying now, but not in the past? 

oh also I saw an article claiming global warming is causing polar bears and grizzly bears to mate and make hybrids of the two species. the article claimed the hybrid is a man made result of global warming.

so again, why is this happening now, but not during previous warm periods were the ice caps were melted even more?",1325443588,askscience,1,/r/askscience/comments/nyrjy/if_polar_bears_are_dying_off_from_global_warming/,"{""score"": 1, ""top_level_comment"": null, ""retrieved_on"": -1, ""gilded"": -1, ""gildings"": null, ""subreddit"": ""askscience"", ""stickied"": false, ""permalink"": ""/r/askscience/comments/nyrjy/if_polar_bears_are_dying_off_from_global_warming/"", ""author_flair_text"": """"}"
nysfd,nysfd,Retuna,,"Is it advantageous for a batter to connect with a fast pitch or a slow one if the goal is distance (assuming that the batter swings with equal force for both)?

I would think the slow pitch requires less energy to reverse its motion and knock it ""back"". But perhaps at some angles or under certain circumstances a fast pitch would be better if its greater kinetic energy can be turned in a new direction (i.e. out into the field)?",1325445155,askscience,0,/r/askscience/comments/nysfd/which_travels_farther_when_hit_a_slow_pitch_or/,"{""score"": 0, ""top_level_comment"": null, ""retrieved_on"": -1, ""gilded"": -1, ""gildings"": null, ""subreddit"": ""askscience"", ""stickied"": false, ""permalink"": ""/r/askscience/comments/nysfd/which_travels_farther_when_hit_a_slow_pitch_or/"", ""author_flair_text"": """"}"
c3d0bfo,nysfd,eatingflowers,nysfd,"I would say its the fast pitch because the ball has a lot of elasticity. When a fast ball hits the bat it ""bounces"" off with much greater energy than a slow pitch.

Imagine holding the bat still and throwing a pitch at it, which one would bounce off further?",1325446667,askscience,0,,"{""score"": 0, ""top_level_comment"": ""c3d0bfo"", ""retrieved_on"": 1428107658, ""gilded"": 0, ""gildings"": null, ""subreddit"": ""askscience"", ""stickied"": false, ""permalink"": """", ""author_flair_text"": """"}"
c3d0cck,nysfd,TaslemGuy,nysfd,"The speed of the pitch and the elasticity of the ball would matter.

A baseball is pretty elastic, so I'd assume that the fast pitch would more probably go farther.",1325446851,askscience,1,,"{""score"": 1, ""top_level_comment"": ""c3d0cck"", ""retrieved_on"": 1428107668, ""gilded"": 0, ""gildings"": null, ""subreddit"": ""askscience"", ""stickied"": false, ""permalink"": """", ""author_flair_text"": """"}"
nytfy,nytfy,[deleted],,,1325446808,askscience,2,/r/askscience/comments/nytfy/is_there_any_scientific_evidence_for_beer_before/,"{""score"": 2, ""top_level_comment"": null, ""retrieved_on"": -1, ""gilded"": -1, ""gildings"": null, ""subreddit"": ""askscience"", ""stickied"": false, ""permalink"": ""/r/askscience/comments/nytfy/is_there_any_scientific_evidence_for_beer_before/"", ""author_flair_text"": """"}"
c3d0l3j,nytfy,mconeone,nytfy,"Not an expert, but I've read that when you drink, your body adjusts the absorbsion of alcohol in the blood based on what you drink. So if you start with beer, your body is absorbing the alcohol faster that it would with booze. Once you switch, you're getting drunk more than you would by starting out with it.",1325448570,askscience,-4,,"{""score"": -4, ""top_level_comment"": ""c3d0l3j"", ""retrieved_on"": 1428107782, ""gilded"": 0, ""gildings"": null, ""subreddit"": ""askscience"", ""stickied"": false, ""permalink"": """", ""author_flair_text"": """"}"
c3d0zkt,nytfy,MigratedCoconut,c3d0l3j,"Your body doesn't know the difference between tequila and bourbon. Your bodies rate is dependent on the amount you drink. Typically speaking if you start with liquor then switch to beer, you're going to start drinking slower than hard liquor. Your getting a 5% ABV drink, versus 40% shot or 10% mix drink. In addition, it takes much longer to drink a beer then to drink liquor.

If you start with beer and switch to liquor, your rate of alcohol consumption is going to actually increase. Couple this with the fact that you are already under the influence and may not notice how much you are drinking, you are at risk to get far drunker. This is how I've always looked at it.",1325451337,askscience,1,,"{""score"": 1, ""top_level_comment"": ""c3d0l3j"", ""retrieved_on"": 1428107975, ""gilded"": 0, ""gildings"": null, ""subreddit"": ""askscience"", ""stickied"": false, ""permalink"": """", ""author_flair_text"": """"}"
nyv76,nyv76,[deleted],,"Hello asksci, I am reading an intro book on optics and it is discussing the polarization of light and unpolarized light. My question is with unpolarized light I quote:

 ""This sinusoidally varying electric field can be thought of as a length of rope held by two children at opposite ends. The children begin to displace the ends in such a way that the rope moves in a plane, either up and down, left and right, or at any angle in between.""

So with this in mind I think well if most light is naturally unpolarized then wouldn't a mix of all of the different angles eventually end up cancelling each other out? I'd like to think of polarized light as coming in two orthogonal basis and then all others combinations of the two, are all polarized light vectors the sum of basis components like force vectors? I'm still beginning so I appreciate the input.",1325449655,askscience,1,/r/askscience/comments/nyv76/the_polarization_of_light/,"{""score"": 1, ""top_level_comment"": null, ""retrieved_on"": -1, ""gilded"": -1, ""gildings"": null, ""subreddit"": ""askscience"", ""stickied"": false, ""permalink"": ""/r/askscience/comments/nyv76/the_polarization_of_light/"", ""author_flair_text"": """"}"
nyx78,nyx78,[deleted],,When someone walks is it powered by their back foot pushing forward or are they falling and catching themselves with their front foot?,1325452826,askscience,0,/r/askscience/comments/nyx78/is_the_human_ability_to_walk_powered_by/,"{""score"": 0, ""top_level_comment"": null, ""retrieved_on"": -1, ""gilded"": -1, ""gildings"": null, ""subreddit"": ""askscience"", ""stickied"": false, ""permalink"": ""/r/askscience/comments/nyx78/is_the_human_ability_to_walk_powered_by/"", ""author_flair_text"": """"}"
c3d18io,nyx78,TaslemGuy,nyx78,"You have to push yourself forward to gain the initial momentum. Once you've done that, it's a cycle of pushing, falling, and balancing, to keep your momentum up (lots of it is lost to resistance and friction and the need to balance and such).",1325453059,askscience,3,,"{""score"": 3, ""top_level_comment"": ""c3d18io"", ""retrieved_on"": 1428108089, ""gilded"": 0, ""gildings"": null, ""subreddit"": ""askscience"", ""stickied"": false, ""permalink"": """", ""author_flair_text"": """"}"
c3d2d1j,nyx78,ijustwanttovotetoo,nyx78,"For a very simplified explanation, when walking, you are essentially lifting your leg using the iliopsoas muscle (which is internal) and falling forward. After you are moving, your leg swings, so even this muscle does not need to use much energy. Your calf muscle tenses to change the pivot point in your ""back"" foot from the heel to the ball, but it does not exert against resistance. So there is no push off with the calf. This is why you can walk for miles before your calves hurt but you can only do about 10 calf raise exercises before they start to hurt.",1325460801,askscience,2,,"{""score"": 2, ""top_level_comment"": ""c3d2d1j"", ""retrieved_on"": 1428108621, ""gilded"": 0, ""gildings"": null, ""subreddit"": ""askscience"", ""stickied"": false, ""permalink"": """", ""author_flair_text"": """"}"
c3d8ymb,nyx78,Paultimate79,nyx78,Why does it need to be *or* ?,1325520235,askscience,1,,"{""score"": 1, ""top_level_comment"": ""c3d8ymb"", ""retrieved_on"": 1428111815, ""gilded"": 0, ""gildings"": null, ""subreddit"": ""askscience"", ""stickied"": false, ""permalink"": """", ""author_flair_text"": """"}"
nyxqq,nyxqq,jungboshrimp,,Are there any benefits to rinsing your mouth with water of a certain temperature (cold/warm/hot)?,1325453604,askscience,0,/r/askscience/comments/nyxqq/what_is_the_difference_between_using_coldhot/,"{""score"": 0, ""top_level_comment"": null, ""retrieved_on"": -1, ""gilded"": -1, ""gildings"": null, ""subreddit"": ""askscience"", ""stickied"": false, ""permalink"": ""/r/askscience/comments/nyxqq/what_is_the_difference_between_using_coldhot/"", ""author_flair_text"": """"}"
c3d1das,nyxqq,billyvnilly,nyxqq,cold water would be more likely to constrict blood vessels.  Cold water would also be more likely to elicit pain in exposed nerves from a cavity.,1325453957,askscience,2,,"{""score"": 2, ""top_level_comment"": ""c3d1das"", ""retrieved_on"": 1428108152, ""gilded"": 0, ""gildings"": null, ""subreddit"": ""askscience"", ""stickied"": false, ""permalink"": """", ""author_flair_text"": """"}"
c3d1phw,nyxqq,umsco226,nyxqq,"I always assumed that warm/hot water would be more effective at removing plaque and other nasty stuff, not sure why though.",1325456244,askscience,1,,"{""score"": 1, ""top_level_comment"": ""c3d1phw"", ""retrieved_on"": 1428108311, ""gilded"": 0, ""gildings"": null, ""subreddit"": ""askscience"", ""stickied"": false, ""permalink"": """", ""author_flair_text"": """"}"
c3d1ryn,nyxqq,[deleted],c3d1phw,"Well think about it--when you wash your dishes, do you use warm water or cold water?",1325456714,askscience,-1,,"{""score"": -1, ""top_level_comment"": ""c3d1phw"", ""retrieved_on"": 1428108343, ""gilded"": 0, ""gildings"": null, ""subreddit"": ""askscience"", ""stickied"": false, ""permalink"": """", ""author_flair_text"": """"}"
c3d1tlx,nyxqq,[deleted],c3d1ryn,Warm. Hands hurt from cold water.,1325457029,askscience,1,,"{""score"": 1, ""top_level_comment"": ""c3d1phw"", ""retrieved_on"": 1428108364, ""gilded"": 0, ""gildings"": null, ""subreddit"": ""askscience"", ""stickied"": false, ""permalink"": """", ""author_flair_text"": """"}"
c3d1vfc,nyxqq,[deleted],c3d1tlx,It's also much more effective at cleaning stuff.,1325457378,askscience,-1,,"{""score"": -1, ""top_level_comment"": ""c3d1phw"", ""retrieved_on"": 1428108388, ""gilded"": 0, ""gildings"": null, ""subreddit"": ""askscience"", ""stickied"": false, ""permalink"": """", ""author_flair_text"": """"}"
c3d46oc,nyxqq,gfpumpkins,c3d1phw,"Unfortunately, plaque is bacterial biofilm, and not something easily removed by any water temperature you could tolerate in your mouth.",1325473189,askscience,1,,"{""score"": 1, ""top_level_comment"": ""c3d1phw"", ""retrieved_on"": 1428109483, ""gilded"": 0, ""gildings"": null, ""subreddit"": ""askscience"", ""stickied"": false, ""permalink"": """", ""author_flair_text"": ""Microbiology | Microbial Symbiosis""}"
nyyci,nyyci,unclemofo,,Does cold food in your stomach take energy in the form of heat from the surrounding tissues of the body? Therefore causing the body to have to burn more calories to keep the body at the proper temperature? ,1325454491,askscience,1,/r/askscience/comments/nyyci/does_eating_cold_food_use_more_calories/,"{""score"": 1, ""top_level_comment"": null, ""retrieved_on"": -1, ""gilded"": -1, ""gildings"": null, ""subreddit"": ""askscience"", ""stickied"": false, ""permalink"": ""/r/askscience/comments/nyyci/does_eating_cold_food_use_more_calories/"", ""author_flair_text"": """"}"
c3d1hpz,nyyci,billyvnilly,nyyci,"yes, but it would be negligible in the grand scheme.  Yes, for the exact reasons you state. ",1325454797,askscience,2,,"{""score"": 2, ""top_level_comment"": ""c3d1hpz"", ""retrieved_on"": 1428108209, ""gilded"": 0, ""gildings"": null, ""subreddit"": ""askscience"", ""stickied"": false, ""permalink"": """", ""author_flair_text"": """"}"
c3d1q5v,nyyci,kouhoutek,nyyci,"It takes a calorie to raise a gram of water 1 C. Humans are mostly water, so that is a close approximation.

But a food calorie is a thousand regular calories. So if you ate 1 kg of food 20 C below you body temp, that would only burn 20 food calories.
",1325456371,askscience,3,,"{""score"": 3, ""top_level_comment"": ""c3d1q5v"", ""retrieved_on"": 1428108320, ""gilded"": 0, ""gildings"": null, ""subreddit"": ""askscience"", ""stickied"": false, ""permalink"": """", ""author_flair_text"": """"}"
c3d2jrz,nyyci,unclemofo,c3d1q5v,Don't you mean 20 kcal?,1325462113,askscience,1,,"{""score"": 1, ""top_level_comment"": ""c3d1q5v"", ""retrieved_on"": 1428108708, ""gilded"": 0, ""gildings"": null, ""subreddit"": ""askscience"", ""stickied"": false, ""permalink"": """", ""author_flair_text"": """"}"
c3d31ga,nyyci,sunny20d,c3d2jrz,Food calories are kcal.,1325465544,askscience,4,,"{""score"": 4, ""top_level_comment"": ""c3d1q5v"", ""retrieved_on"": 1428108940, ""gilded"": 0, ""gildings"": null, ""subreddit"": ""askscience"", ""stickied"": false, ""permalink"": """", ""author_flair_text"": """"}"
c3d3pl2,nyyci,unclemofo,c3d31ga,TIL!,1325470079,askscience,2,,"{""score"": 2, ""top_level_comment"": ""c3d1q5v"", ""retrieved_on"": 1428109254, ""gilded"": 0, ""gildings"": null, ""subreddit"": ""askscience"", ""stickied"": false, ""permalink"": """", ""author_flair_text"": """"}"
nz0fd,nz0fd,[deleted],,"This idea I had is difficult to explain with no scientific background, but Feynman got me thinking...
If our existence is just a mess of atoms/subatomic particles/strings/whatever, then what's to say a video capturing device doesn't copy the very structure of the event (from its given perspective) that it happens to be recording and save it in a condensed form.
For instance: Is there some sort of quantum theory that would support the idea that I am currently watching a structural copy of the Lakers-Pistons 1988 final itself rather than a mere video recording.
/highdea

",1325457679,askscience,0,/r/askscience/comments/nz0fd/is_a_video_recording_really_just_a_copy_of_the/,"{""score"": 0, ""top_level_comment"": null, ""retrieved_on"": -1, ""gilded"": -1, ""gildings"": null, ""subreddit"": ""askscience"", ""stickied"": false, ""permalink"": ""/r/askscience/comments/nz0fd/is_a_video_recording_really_just_a_copy_of_the/"", ""author_flair_text"": """"}"
c3d21gc,nz0fd,libertasmens,nz0fd,".... A video is the *observance* of photons which reflect off of subjects in said video. A video or photograph simply records where photons which reach the device are relative to each other. It does *not* actually *capture* anything, and it is certainly not any sort of copy; at the very most, it is a mapping of the light and color levels of an event.",1325458529,askscience,5,,"{""score"": 5, ""top_level_comment"": ""c3d21gc"", ""retrieved_on"": 1428108479, ""gilded"": 0, ""gildings"": null, ""subreddit"": ""askscience"", ""stickied"": false, ""permalink"": """", ""author_flair_text"": """"}"
c3d28b0,nz0fd,growingconstipation,c3d21gc,Couldn't have said it better-- Touché,1325459859,askscience,0,,"{""score"": 0, ""top_level_comment"": ""c3d21gc"", ""retrieved_on"": 1428108558, ""gilded"": 0, ""gildings"": null, ""subreddit"": ""askscience"", ""stickied"": false, ""permalink"": """", ""author_flair_text"": """"}"
nz10n,nz10n,childbear,,Smile in the same way that humans use smiling?,1325458565,askscience,3,/r/askscience/comments/nz10n/can_other_animals_smile/,"{""score"": 3, ""top_level_comment"": null, ""retrieved_on"": -1, ""gilded"": -1, ""gildings"": null, ""subreddit"": ""askscience"", ""stickied"": false, ""permalink"": ""/r/askscience/comments/nz10n/can_other_animals_smile/"", ""author_flair_text"": """"}"
c3d22tt,nz10n,[deleted],nz10n,[deleted],1325458794,askscience,0,,"{""score"": 0, ""top_level_comment"": ""c3d22tt"", ""retrieved_on"": 1428108494, ""gilded"": 0, ""gildings"": null, ""subreddit"": ""askscience"", ""stickied"": false, ""permalink"": """", ""author_flair_text"": """"}"
c3d2vey,nz10n,[deleted],nz10n,[deleted],1325464364,askscience,-4,,"{""score"": -4, ""top_level_comment"": ""c3d2vey"", ""retrieved_on"": 1428108859, ""gilded"": 0, ""gildings"": null, ""subreddit"": ""askscience"", ""stickied"": false, ""permalink"": """", ""author_flair_text"": """"}"
c3d2xcg,nz10n,[deleted],nz10n,[deleted],1325464741,askscience,-1,,"{""score"": -1, ""top_level_comment"": ""c3d2xcg"", ""retrieved_on"": 1428108885, ""gilded"": 0, ""gildings"": null, ""subreddit"": ""askscience"", ""stickied"": false, ""permalink"": """", ""author_flair_text"": """"}"
c3d30cq,nz10n,childbear,c3d2vey,"yes, but is there scientific proof that what we see as ""dogs smiling"" is actually then expressing happiness?",1325465322,askscience,2,,"{""score"": 2, ""top_level_comment"": ""c3d2vey"", ""retrieved_on"": 1428108924, ""gilded"": 0, ""gildings"": null, ""subreddit"": ""askscience"", ""stickied"": false, ""permalink"": """", ""author_flair_text"": """"}"
c3d31o6,nz10n,[deleted],nz10n,[deleted],1325465584,askscience,0,,"{""score"": 0, ""top_level_comment"": ""c3d31o6"", ""retrieved_on"": 1428108943, ""gilded"": 0, ""gildings"": null, ""subreddit"": ""askscience"", ""stickied"": false, ""permalink"": """", ""author_flair_text"": """"}"
c3d3243,nz10n,v4n3554,c3d30cq,"No, there is not.  But apparently [dogs can tell when their owners are smiling](http://www.springerlink.com/content/p15680x26534m434/).",1325465673,askscience,2,,"{""score"": 2, ""top_level_comment"": ""c3d2vey"", ""retrieved_on"": 1428108948, ""gilded"": 0, ""gildings"": null, ""subreddit"": ""askscience"", ""stickied"": false, ""permalink"": """", ""author_flair_text"": """"}"
c3d33tp,nz10n,Optimal_Joy,c3d30cq,"Happiness is something you feel and express.  If there was a person who was mute and could not write or use any language other than body language, such as facial features, gestures, like a mime, for example.  How would you know if they were truly happy or not?  It's exactly the same with a dog.  It's something you know, if you owned a dog, you would know, you would feel it, they let you know when they are ""happy"", and you just know that they are happy.",1325466016,askscience,1,,"{""score"": 1, ""top_level_comment"": ""c3d2vey"", ""retrieved_on"": 1428108975, ""gilded"": 0, ""gildings"": null, ""subreddit"": ""askscience"", ""stickied"": false, ""permalink"": """", ""author_flair_text"": """"}"
c3d4ir8,nz10n,digitaldan1,nz10n,"Read an article a few weeks ago that said both dogs and cats do smile. Here's an article I just found with a quick google search:

http://abcnews.go.com/Technology/DyeHard/dog-smile-animals-show-emotions/story?id=10618929#.TwEl4UvCbxo",1325475364,askscience,1,,"{""score"": 1, ""top_level_comment"": ""c3d4ir8"", ""retrieved_on"": 1428109644, ""gilded"": 0, ""gildings"": null, ""subreddit"": ""askscience"", ""stickied"": false, ""permalink"": """", ""author_flair_text"": """"}"
c3dch43,nz10n,eckliptic,nz10n,Chimps smile.,1325542847,askscience,1,,"{""score"": 1, ""top_level_comment"": ""c3dch43"", ""retrieved_on"": 1428190356, ""gilded"": 0, ""gildings"": null, ""subreddit"": ""askscience"", ""stickied"": false, ""permalink"": """", ""author_flair_text"": """"}"
nz24k,nz24k,fogglesworth,,"I know it's a really general question, and I assume that it's different for each hormone. If that's the case, how big of a disparity is there between the signals, and what are the times of the more well-known hormones (e.g. adrenaline, dopamine, serotonin)?",1325460358,askscience,7,/r/askscience/comments/nz24k/how_long_does_it_take_for_a_hormone_signal_from/,"{""score"": 7, ""top_level_comment"": null, ""retrieved_on"": -1, ""gilded"": -1, ""gildings"": null, ""subreddit"": ""askscience"", ""stickied"": false, ""permalink"": ""/r/askscience/comments/nz24k/how_long_does_it_take_for_a_hormone_signal_from/"", ""author_flair_text"": """"}"
c3d6gom,nz24k,synnndstalker,nz24k,"Hormones are secreted from several locations - namely the kidneys, heart and pituitary glands.  Hormone receptors all over. Hormones take effect once they are bound to the receptor, a process that occurs almost instantaneously once the hormones are near-by. 

Hormones travel via the blood, and the human body is capable of circulating all of its blood about once per minute. A good estimate for the time it takes for hormones to become effective is about a minute. ",1325488645,askscience,1,,"{""score"": 1, ""top_level_comment"": ""c3d6gom"", ""retrieved_on"": 1428110629, ""gilded"": 0, ""gildings"": null, ""subreddit"": ""askscience"", ""stickied"": false, ""permalink"": """", ""author_flair_text"": """"}"
c3d6p1w,nz24k,TheyCallMeStone,c3d6gom,"But when something startles us, we feel the adrenaline rush immediately. Surely the body can't afford to wait up to a full minute for fight-or-flight to kick in?",1325490607,askscience,2,,"{""score"": 2, ""top_level_comment"": ""c3d6gom"", ""retrieved_on"": 1428110738, ""gilded"": 0, ""gildings"": null, ""subreddit"": ""askscience"", ""stickied"": false, ""permalink"": """", ""author_flair_text"": """"}"
c3d9jo0,nz24k,[deleted],c3d6p1w,[deleted],1325524707,askscience,1,,"{""score"": 1, ""top_level_comment"": ""c3d6gom"", ""retrieved_on"": 1428112081, ""gilded"": 0, ""gildings"": null, ""subreddit"": ""askscience"", ""stickied"": false, ""permalink"": """", ""author_flair_text"": """"}"
c3dae55,nz24k,TheyCallMeStone,c3d9jo0,"So if I understand correctly: stimulus fightens us, hormonal response is triggered and adrenaline released, which in turn immediately triggers a nervous response? ",1325530302,askscience,2,,"{""score"": 2, ""top_level_comment"": ""c3d6gom"", ""retrieved_on"": 1428112480, ""gilded"": 0, ""gildings"": null, ""subreddit"": ""askscience"", ""stickied"": false, ""permalink"": """", ""author_flair_text"": """"}"
c3dak1n,nz24k,[deleted],c3dae55,[deleted],1325531313,askscience,1,,"{""score"": 1, ""top_level_comment"": ""c3d6gom"", ""retrieved_on"": 1428112557, ""gilded"": 0, ""gildings"": null, ""subreddit"": ""askscience"", ""stickied"": false, ""permalink"": """", ""author_flair_text"": """"}"
nz25e,nz25e,splutard,,"Earth-based tracking would be impractical over long distances, but exact measurements might require sophisticated apparatus that a ship could not carry... Nevertheless, the best three possibilities I can think of are:

* **Accelerometry**: Recording acceleration over time on all three axes would allow you to calculate your velocity relative to Earth's, but I'm not sure how accurate this is.
* **Doppler Shift**: At higher speeds, measuring the change in Doppler Shift of stars around you on all three axes could give you a velocity vector, but again, I'm not sure how accurate this would be.
* **Star Maps**: A ship could use images of the star field to triangulate its location relative to known stars. It could use these to calculate its velocity over time. This seems like the least accurate solution, or at least it requires the most precise measurements and sensitive apparatus. 

Any thoughts/suggestions?",1325460389,askscience,1,/r/askscience/comments/nz25e/how_would_a_spaceship_measure_its_speed_and_exact/,"{""score"": 1, ""top_level_comment"": null, ""retrieved_on"": -1, ""gilded"": -1, ""gildings"": null, ""subreddit"": ""askscience"", ""stickied"": false, ""permalink"": ""/r/askscience/comments/nz25e/how_would_a_spaceship_measure_its_speed_and_exact/"", ""author_flair_text"": ""Synthetic Biology|Systems Biology""}"
nz33n,nz33n,thurn,,"It's been said that it's totally impossible to know anything about what's beyond the edge of the observable universe (with someone going so far as to say that there could be a giant wall of cotton candy there). So, suppose there was a huge mass *just* past the edge of the observable universe back when that light was being emitted. Wouldn't we be able to infer its presence from the movements of the stuff we *can* see?",1325461853,askscience,3,/r/askscience/comments/nz33n/can_we_infer_anything_about_things_beyond_the/,"{""score"": 3, ""top_level_comment"": null, ""retrieved_on"": -1, ""gilded"": -1, ""gildings"": null, ""subreddit"": ""askscience"", ""stickied"": false, ""permalink"": ""/r/askscience/comments/nz33n/can_we_infer_anything_about_things_beyond_the/"", ""author_flair_text"": """"}"
c3d31ct,nz33n,TalksInMaths,nz33n,"[Yes, indeed.](http://en.wikipedia.org/wiki/Dark_flow)",1325465524,askscience,2,,"{""score"": 2, ""top_level_comment"": ""c3d31ct"", ""retrieved_on"": 1428108939, ""gilded"": 0, ""gildings"": null, ""subreddit"": ""askscience"", ""stickied"": false, ""permalink"": """", ""author_flair_text"": ""Intermediate Energy Physics | Fundamental Symmetries""}"
c3d56ho,nz33n,evanwestwood,c3d31ct,"It is possible to make such an inference but, I will personally remain unconvinced unless Planck's data enhances the effect purported by Kashlinsky, et al.",1325479727,askscience,1,,"{""score"": 1, ""top_level_comment"": ""c3d31ct"", ""retrieved_on"": 1428109947, ""gilded"": 0, ""gildings"": null, ""subreddit"": ""askscience"", ""stickied"": false, ""permalink"": """", ""author_flair_text"": ""Quantum Mechanics""}"
nz84t,nz84t,chu2,,"&gt;So. . .
&gt;
&gt;I recently bought a larger box of condoms online. They were supposed to take around a week to come in. They landed on my doorstep today, around four days early. That's a problem, because I'm going to be out of town until at least Tuesday, and temperatures in Michigan are dropping fast.
&gt;
&gt;Anyway, if I find someone to go grab the box asap and bring it into a room temperature environment, will they still be safe to use? On a side note, if cold does affect condom quality significantly, then what happens when condoms are shipped in cold cargo holds and freight trucks / stored in freezing warehouses and back rooms, before they go on sale at the store?
&gt;

I've found a few anecdotal posts online answering some of these concerns, but nothing that specifically addresses what happens to latex that has been coated in lubricant and hermetically sealed in foil, frozen, and thawed at room temp.  r/science, any thoughts?",1325469716,askscience,1,/r/askscience/comments/nz84t/xposted_from_rsex_are_latex_condoms_harmed_by/,"{""score"": 1, ""top_level_comment"": null, ""retrieved_on"": -1, ""gilded"": -1, ""gildings"": null, ""subreddit"": ""askscience"", ""stickied"": false, ""permalink"": ""/r/askscience/comments/nz84t/xposted_from_rsex_are_latex_condoms_harmed_by/"", ""author_flair_text"": """"}"
nz8du,nz8du,SgtBaxter,,"It's possible to slow cook eggs far below boiling temperatures, specifically putting them in 140 degree (Fahrenheit) water for an hour. 

Would an egg placed inside a vagina for a longer period achieve the same results, or would there not be enough heat?",1325470111,askscience,19,/r/askscience/comments/nz8du/could_a_vagina_cook_a_chicken_or_quail_egg/,"{""score"": 19, ""top_level_comment"": null, ""retrieved_on"": -1, ""gilded"": -1, ""gildings"": null, ""subreddit"": ""askscience"", ""stickied"": false, ""permalink"": ""/r/askscience/comments/nz8du/could_a_vagina_cook_a_chicken_or_quail_egg/"", ""author_flair_text"": """"}"
c3d3tp4,nz8du,Drknk,nz8du,DOES THIS WORK ON PENIS TOO? MUST KNOW FOR SCIENCE.,1325470812,askscience,-16,,"{""score"": -16, ""top_level_comment"": ""c3d3tp4"", ""retrieved_on"": 1428109309, ""gilded"": 0, ""gildings"": null, ""subreddit"": ""askscience"", ""stickied"": false, ""permalink"": """", ""author_flair_text"": """"}"
c3d3z7m,nz8du,Neo21803,nz8du,"I'm not sure about 140 degrees, but an egg certainly would not cook inside of a healthy human.  The average internal temperature of a human is under 100F (about 99.5).  For a fertilized chicken egg to hatch, it must remain at about 99F for 21 days, and the result is a chick, not a hard-boiled egg.",1325471830,askscience,7,,"{""score"": 7, ""top_level_comment"": ""c3d3z7m"", ""retrieved_on"": 1428109386, ""gilded"": 0, ""gildings"": null, ""subreddit"": ""askscience"", ""stickied"": false, ""permalink"": """", ""author_flair_text"": """"}"
c3d4eri,nz8du,[deleted],c3d3z7m,Could the lowered pH of the vagina due to lactic acid 'cook' it in the same way leaving an egg in vinegar appears to? Like in this [video](http://www.youtube.com/watch?v=GrVuag3YCtQ&amp;feature=related),1325474650,askscience,5,,"{""score"": 5, ""top_level_comment"": ""c3d3z7m"", ""retrieved_on"": 1428109586, ""gilded"": 0, ""gildings"": null, ""subreddit"": ""askscience"", ""stickied"": false, ""permalink"": """", ""author_flair_text"": """"}"
nz927,nz927,Armonster,,"I want to make ferrofluid and I have looked up tutorials online but they all involve the use of a dark, staining liquid, often ink or something of the sort and this causes a trail wherever the fluid is dragged. Basically I need it to be clear in a way so when I put it in a plastic, clear ball, the fluid won't be dark so it won't stain the plastic and I will be able to see into it easily. If this is possible or anybody knows a way, thanks! :D",1325471180,askscience,2,/r/askscience/comments/nz927/how_could_i_make_ferrofluid_that_doesnt_leave_a/,"{""score"": 2, ""top_level_comment"": null, ""retrieved_on"": -1, ""gilded"": -1, ""gildings"": null, ""subreddit"": ""askscience"", ""stickied"": false, ""permalink"": ""/r/askscience/comments/nz927/how_could_i_make_ferrofluid_that_doesnt_leave_a/"", ""author_flair_text"": """"}"
c3d40wy,nz927,chu2,nz927,"I'm not a trained physicist, but from my limited understanding, ferrofluids are fluids that have tiny particles of magnetic material suspended in them.  Unless there is a transparent substance that is magnetic and easily suspended in a transparent fluid that has the specific characteristics that keep a ferrofluid homogenous, I'd say it's impossible.",1325472139,askscience,3,,"{""score"": 3, ""top_level_comment"": ""c3d40wy"", ""retrieved_on"": 1428109403, ""gilded"": 0, ""gildings"": null, ""subreddit"": ""askscience"", ""stickied"": false, ""permalink"": """", ""author_flair_text"": """"}"
c3d47tc,nz927,eosha,nz927,Ferrofluids are dark at least partially because they contain what is effectively powdered magnets. Transparent ferrofluids will probably require  transparent magnetic material. Don't think those currently exist.,1325473396,askscience,1,,"{""score"": 1, ""top_level_comment"": ""c3d47tc"", ""retrieved_on"": 1428109496, ""gilded"": 0, ""gildings"": null, ""subreddit"": ""askscience"", ""stickied"": false, ""permalink"": """", ""author_flair_text"": """"}"
nz9j9,nz9j9,Armonster,,"That might not be what it's called, as I saw a lot of names for different types of glow in the dark things.

I'm wondering if there is a gas that has photoluminescent properties (either fluorescent or phosphorescent). I'm not sure if those are the right words or not to describe them. Basically I'm wondering if there's a gas that can be charged with UV lights and emit light, such as glow in the dark materials and paints and such.

added in hopes of this being possible: What got me thinking to this was: whenever I see a commercial or a video where people 'write' or 'draw' in the air using a light, I wondered if this would ever be possibly in any way. Then I thought I guess the only way would be if there was a gas like this and you filled a small chamber/room with it and went in there (with a breathing suit I guess) and drew in the air using lights. A long and implausible stretch, I am aware. But was just curious if something like this was ever possible. I think it would look awesome and would be quite artistic.
",1325471929,askscience,1,/r/askscience/comments/nz9j9/is_there_a_gas_with_glow_in_the_dark_elements_a/,"{""score"": 1, ""top_level_comment"": null, ""retrieved_on"": -1, ""gilded"": -1, ""gildings"": null, ""subreddit"": ""askscience"", ""stickied"": false, ""permalink"": ""/r/askscience/comments/nz9j9/is_there_a_gas_with_glow_in_the_dark_elements_a/"", ""author_flair_text"": """"}"
nz9oi,nz9oi,Edtjuh,,"&gt; NASA began to plan to resume manned missions following the call by U.S. President George W. Bush on 14 January 2004 for a manned mission to the Moon by 2019 and the construction of a lunar base by 2024. The Constellation program was funded and construction and testing begun on a manned spacecraft and launch vehicle, and design studies for a lunar base. However, that program has been cancelled in favour of a manned asteroid landing by 2025 and a manned Mars orbit by 2035. India has also expressed its hope to send a manned mission to the Moon by 2020. [Wikipedia](http://en.wikipedia.org/wiki/Moon#Current_era:_1990.E2.80.93present)


With our current technology, compared to the year 1969 when the Apollo landed, shouldn't we be able to send out allot more manned space missions to the moon and explore there? How come we don't take advantage of this and have to wait years before this actually happens?
",1325472161,askscience,1,/r/askscience/comments/nz9oi/how_come_it_takes_such_a_long_time_to_go_to_the/,"{""score"": 1, ""top_level_comment"": null, ""retrieved_on"": -1, ""gilded"": -1, ""gildings"": null, ""subreddit"": ""askscience"", ""stickied"": false, ""permalink"": ""/r/askscience/comments/nz9oi/how_come_it_takes_such_a_long_time_to_go_to_the/"", ""author_flair_text"": """"}"
c3da6gg,nz9oi,Edtjuh,nz9oi,anyone?,1325528960,askscience,1,,"{""score"": 1, ""top_level_comment"": ""c3da6gg"", ""retrieved_on"": 1428112380, ""gilded"": 0, ""gildings"": null, ""subreddit"": ""askscience"", ""stickied"": false, ""permalink"": """", ""author_flair_text"": """"}"
nzam4,nzam4,Poli-tricks,,"I was thinking about this recently. Then I thought if that is true and there are so many edible plants, why do we only eat certain ones (common fruits and vegetables) on a regular basis? Is it because only certain ones are edible or just that the ones we eat are easier to farm? Or is it that many plants are edible but just do not have as much nutritional value as the commonly farmed plants?

EDIT: Question order",1325473686,askscience,1,/r/askscience/comments/nzam4/are_all_nonpoisonous_plants_edible/,"{""score"": 1, ""top_level_comment"": null, ""retrieved_on"": -1, ""gilded"": -1, ""gildings"": null, ""subreddit"": ""askscience"", ""stickied"": false, ""permalink"": ""/r/askscience/comments/nzam4/are_all_nonpoisonous_plants_edible/"", ""author_flair_text"": """"}"
c3d4b2i,nzam4,billyvnilly,nzam4,"Somethings are not edible because we do not produce the enzymes necessary to break them down into simple sugars.  For example, cows rely on bacteria to break down grass to sugars that their bodies process.",1325473982,askscience,4,,"{""score"": 4, ""top_level_comment"": ""c3d4b2i"", ""retrieved_on"": 1428109537, ""gilded"": 0, ""gildings"": null, ""subreddit"": ""askscience"", ""stickied"": false, ""permalink"": """", ""author_flair_text"": """"}"
c3d4jos,nzam4,sunny20d,nzam4,Depends on how you define 'non-poisonous' there are mushrooms that don't kill you but will give you the worst case of Gastroenteritis you've ever seen.,1325475536,askscience,0,,"{""score"": 0, ""top_level_comment"": ""c3d4jos"", ""retrieved_on"": 1428109653, ""gilded"": 0, ""gildings"": null, ""subreddit"": ""askscience"", ""stickied"": false, ""permalink"": """", ""author_flair_text"": """"}"
c3d4ysj,nzam4,i_hate_lamp,nzam4,"We don't eat plants that taste like crap. Edible or not, if it doesn't taste good, no one will eat it.",1325478264,askscience,-4,,"{""score"": -4, ""top_level_comment"": ""c3d4ysj"", ""retrieved_on"": 1428109847, ""gilded"": 0, ""gildings"": null, ""subreddit"": ""askscience"", ""stickied"": false, ""permalink"": """", ""author_flair_text"": """"}"
c3d64cb,nzam4,rupert1920,c3d4jos,"Unless getting an adverse effect requires an unreasonable amount of mushroom to be consumed, most people can agree that mushroom would be considered poisonous.",1325486090,askscience,3,,"{""score"": 3, ""top_level_comment"": ""c3d4jos"", ""retrieved_on"": 1428110391, ""gilded"": 0, ""gildings"": null, ""subreddit"": ""askscience"", ""stickied"": false, ""permalink"": """", ""author_flair_text"": ""Nuclear Magnetic Resonance""}"
nzb1l,nzb1l,[deleted],,"Whenever I wash my hands with a bar of soap, it leaves my hands feeling tacky and non-slip (which I like), where as when I wash my hands with liquid soap it leaves my hands feeling slippery and almost slimy (which I don't like, and spend about two or three minutes running water over even after the soap is completely gone.) What about the two different types of soaps causes this?",1325474329,askscience,4,/r/askscience/comments/nzb1l/why_do_liquidfoam_soaps_soft_soaps_and_blockbar/,"{""score"": 4, ""top_level_comment"": null, ""retrieved_on"": -1, ""gilded"": -1, ""gildings"": null, ""subreddit"": ""askscience"", ""stickied"": false, ""permalink"": ""/r/askscience/comments/nzb1l/why_do_liquidfoam_soaps_soft_soaps_and_blockbar/"", ""author_flair_text"": """"}"
c3dbe7k,nzb1l,lobster_johnson,nzb1l,"I have the opposite experience: Washing with bar soaps leaves a slick residue. I believe this is caused by glycerin (aka glycerol), which is used in most soapmaking.

Liquid soap is often made without soap, in the classical sense of saponification; a chemical combination of various surfactants and detergents (primarily sodium lauryl sulfate); basically a skin-friendly washing up liquid. Liquid soap doesn't have this problem for me.

Perhaps you are using a liquid soap containing some form of added moisturizer?",1325536353,askscience,1,,"{""score"": 1, ""top_level_comment"": ""c3dbe7k"", ""retrieved_on"": 1428112952, ""gilded"": 0, ""gildings"": null, ""subreddit"": ""askscience"", ""stickied"": false, ""permalink"": """", ""author_flair_text"": """"}"
nzb22,nzb22,[deleted],,"I was sick for a couple of days with a cold and had a near-constant headache in the front area of my head. Since sex is a fairly stressful activity, I took it easy for a while to avoid a more intense headache. Near the end of my sickness the headache was mostly gone, so I...got down to business. When I reached climax I immediately started experiencing intense pain in my head. With each pleasurable orgasmic wave, I felt excruciating pain that rolled from the base of my neck up the back of my head. I haven't experienced this since. What is happening during an orgasm that could trigger such pain, given my condition at the time?",1325474361,askscience,1,/r/askscience/comments/nzb22/is_there_a_relationship_between_the_physical/,"{""score"": 1, ""top_level_comment"": null, ""retrieved_on"": -1, ""gilded"": -1, ""gildings"": null, ""subreddit"": ""askscience"", ""stickied"": false, ""permalink"": ""/r/askscience/comments/nzb22/is_there_a_relationship_between_the_physical/"", ""author_flair_text"": """"}"
nzbpe,nzbpe,laniner,,"I remember hearing that previously. If it is true, how does it happen? And if it is true, if you become deaf can you actually have better eyesight?",1325475390,askscience,0,/r/askscience/comments/nzbpe/is_it_true_that_if_we_lose_any_of_our_five_senses/,"{""score"": 0, ""top_level_comment"": null, ""retrieved_on"": -1, ""gilded"": -1, ""gildings"": null, ""subreddit"": ""askscience"", ""stickied"": false, ""permalink"": ""/r/askscience/comments/nzbpe/is_it_true_that_if_we_lose_any_of_our_five_senses/"", ""author_flair_text"": """"}"
c3d51u6,nzbpe,v4n3554,nzbpe,"Yes.  The phenomenon is called crossmodal neuroplasticity, and you can read a study about it [here](http://www.nature.com/nrn/journal/v11/n1/full/nrn2758.html) or [here](http://citeseerx.ist.psu.edu/viewdoc/summary?doi=10.1.1.78.9981).",1325478840,askscience,3,,"{""score"": 3, ""top_level_comment"": ""c3d51u6"", ""retrieved_on"": 1428109887, ""gilded"": 0, ""gildings"": null, ""subreddit"": ""askscience"", ""stickied"": false, ""permalink"": """", ""author_flair_text"": """"}"
c3d5b5i,nzbpe,AnimusRationis,nzbpe,"While it is true to some extent, it does not occur because you suddenly develop superhuman eyes or ears. Essentially, your senses become more specialized, as you begin to stimulate a certain type or sensory neurons, which in this case is auditory. The increased neural connections between these neurons make them more perceptive to certain physical stimuili, which in this case are sounds. This phenomenon is known as neuroplasticity, or the ability of the brain to remodel its neural circuits by events. ",1325480592,askscience,2,,"{""score"": 2, ""top_level_comment"": ""c3d5b5i"", ""retrieved_on"": 1428110008, ""gilded"": 0, ""gildings"": null, ""subreddit"": ""askscience"", ""stickied"": false, ""permalink"": """", ""author_flair_text"": """"}"
nzbw5,nzbw5,BangerangRufio,,"I have always been curious, because some days when I pee it really bubbles up, and on other days the bubbles dissipate to nothing. I am male, and I have no idea if this question is relevant to females. ",1325475694,askscience,1,/r/askscience/comments/nzbw5/what_dictates_how_frothy_ones_pee_is/,"{""score"": 1, ""top_level_comment"": null, ""retrieved_on"": -1, ""gilded"": -1, ""gildings"": null, ""subreddit"": ""askscience"", ""stickied"": false, ""permalink"": ""/r/askscience/comments/nzbw5/what_dictates_how_frothy_ones_pee_is/"", ""author_flair_text"": """"}"
c3d6fv7,nzbw5,mobilehypo,nzbw5,"Protein content in your urine, the more the bubblier.",1325488464,askscience,2,,"{""score"": 2, ""top_level_comment"": ""c3d6fv7"", ""retrieved_on"": 1428110618, ""gilded"": 0, ""gildings"": null, ""subreddit"": ""askscience"", ""stickied"": false, ""permalink"": """", ""author_flair_text"": ""Medical Laboratory Science""}"
c3dbsda,nzbw5,Chimcan,c3d6fv7,"And if it's frothy coming out (that is, before it even hits the water in the toilet), you may want to share this information with your doctor.",1325538684,askscience,1,,"{""score"": 1, ""top_level_comment"": ""c3d6fv7"", ""retrieved_on"": 1428113140, ""gilded"": 0, ""gildings"": null, ""subreddit"": ""askscience"", ""stickied"": false, ""permalink"": """", ""author_flair_text"": """"}"
c3defsc,nzbw5,HandyAndy,c3d6fv7,"Why would there be more or less protein in your urine?  And on the topic, I thought uric acid was the main means of excreting nitrogenous waste.  Are there actual polypeptides in urine that serve another purpose?",1325555017,askscience,1,,"{""score"": 1, ""top_level_comment"": ""c3d6fv7"", ""retrieved_on"": 1428190328, ""gilded"": 0, ""gildings"": null, ""subreddit"": ""askscience"", ""stickied"": false, ""permalink"": """", ""author_flair_text"": ""Biochemistry | Microbiology | Synthetic biology""}"
nzcec,nzcec,tommyboy042,,,1325476522,askscience,1,/r/askscience/comments/nzcec/are_there_rogue_black_holes_in_intergalactic/,"{""score"": 1, ""top_level_comment"": null, ""retrieved_on"": -1, ""gilded"": -1, ""gildings"": null, ""subreddit"": ""askscience"", ""stickied"": false, ""permalink"": ""/r/askscience/comments/nzcec/are_there_rogue_black_holes_in_intergalactic/"", ""author_flair_text"": """"}"
c3d5sfa,nzcec,FappingtoScience,nzcec,"Yes, *probably*.

It's thought that when two blackholes collide and merge, there is a 'kick' that can eject the new blackhole from the galaxy.

The problem, is that blackholes are spotted by the way they effect things around them, so if a blackhole is wandering the 'empty' space between galaxies they will be nigh impossible to find.

The only difference that I can think of is positioning, one is at the center of a galaxy and the other is not.

[Youtube video that you might be interested in](http://www.youtube.com/watch?v=NVQ3qHMqsq8)

[A black hole that might have been seen in the process of being ejected](http://www.universetoday.com/64235/black-hole-gets-kicked-out-of-galaxy/)",1325483784,askscience,1,,"{""score"": 1, ""top_level_comment"": ""c3d5sfa"", ""retrieved_on"": 1428110240, ""gilded"": 0, ""gildings"": null, ""subreddit"": ""askscience"", ""stickied"": false, ""permalink"": """", ""author_flair_text"": """"}"
c3d5yae,nzcec,chamora,nzcec,"Also, black holes in the centers of galaxies tend to be HUGE, and a rogue one would probably have been formed by supernova and would be small.
",1325484908,askscience,1,,"{""score"": 1, ""top_level_comment"": ""c3d5yae"", ""retrieved_on"": 1428110312, ""gilded"": 0, ""gildings"": null, ""subreddit"": ""askscience"", ""stickied"": false, ""permalink"": """", ""author_flair_text"": """"}"
nzcg6,nzcg6,givemeALLthekarma,,"Hi reddit
I am VERY new to astrophysics, and so this question may be a bit silly.
I read about this concept (along with the explanation) in a book, but couldn't quite understand the explanation, so I was hoping you could help me.

Imagine that your twin (or another clock) gets on a spaceship and zooms off away from earth at the speed of light for 1 year. That means that your twin will be exactly 1 year younger than you (1 year in your past). 
But your twin could say ""No, I was stationary the whole time, and the earth moved away from me at the speed of light, hence the earth is 1 year younger than me (1 year in my past)"".

The books explained that this contradiction isn't a contradiction at all, and somehow they are both right. It began to explain by bringing a 3rd party into the mix (but I don't really know what it did from there).
How is this contradiction solved, reddit?
Thank you in advanced, And I apologise for the terrible writing",1325476607,askscience,1,/r/askscience/comments/nzcg6/a_question_about_time_dilation/,"{""score"": 1, ""top_level_comment"": null, ""retrieved_on"": -1, ""gilded"": -1, ""gildings"": null, ""subreddit"": ""askscience"", ""stickied"": false, ""permalink"": ""/r/askscience/comments/nzcg6/a_question_about_time_dilation/"", ""author_flair_text"": """"}"
nzcm4,nzcm4,splutard,,"Asked this in [/r/AskEngineers](http://www.reddit.com/r/AskEngineers/comments/nz2pa/how_would_a_spaceship_measure_its_speed_and_exact/), but didn't get much info; wondering if AskScience has any thoughts. 

Earth-based tracking would be impractical over long distances, but exact measurements might require sophisticated apparatus that a ship could not carry... Nevertheless, the best three possibilities I can think of are:

* **Accelerometry**: Recording acceleration over time on all three axes would allow you to calculate your velocity relative to Earth's, but I'm not sure how accurate this is.
* **Doppler Shift**: At higher speeds, measuring the change in Doppler Shift of stars around you on all three axes could give you a velocity vector, but again, I'm not sure how accurate this would be.
* **Star Maps**: A ship could use images of the star field to triangulate its location relative to known stars. It could use these to calculate its velocity over time. This seems like the least accurate solution, or at least it requires the most precise measurements and sensitive apparatus. 

Any thoughts/suggestions?",1325476851,askscience,1,/r/askscience/comments/nzcm4/how_would_a_spaceship_measure_its_speed_and_exact/,"{""score"": 1, ""top_level_comment"": null, ""retrieved_on"": -1, ""gilded"": -1, ""gildings"": null, ""subreddit"": ""askscience"", ""stickied"": false, ""permalink"": ""/r/askscience/comments/nzcm4/how_would_a_spaceship_measure_its_speed_and_exact/"", ""author_flair_text"": ""Synthetic Biology|Systems Biology""}"
nzcqq,nzcqq,stormsmcgee,,"Hi, everyone, first time poster. A friend of mine posted a link (see below) that claims that, because humans drink 12 billion liters of water per day, and that there are 1.386 x 10^21 liters of water on Earth, it is impossible for life to have existed for the three billion years that we have claimed--presumably attributing applicable fossil and geological evidence as the devil playing an elaborate game of hide-and-seek.

http://www.buzzfeed.com/scott/proving-atheists-wrong-with-science-1

I'm not going to dignify her post with a counter-argument, but I have to admit to curiosity: how do we explain how humans consume so much water, yet the water does not ""go away"" ?",1325477049,askscience,1,/r/askscience/comments/nzcqq/disproving_proving_atheists_wrong_with_science_1/,"{""score"": 1, ""top_level_comment"": null, ""retrieved_on"": -1, ""gilded"": -1, ""gildings"": null, ""subreddit"": ""askscience"", ""stickied"": false, ""permalink"": ""/r/askscience/comments/nzcqq/disproving_proving_atheists_wrong_with_science_1/"", ""author_flair_text"": """"}"
nzdw2,nzdw2,xerxe7,,"Rousseau theorized in his second discourse that once humans entered into associations of mutual-dependence and once society becomes a zero sum game they became mentally more fragile and unstable, among other things. 

There seems to be a huge amount of people today with mental conditions/disorders, a large amount of mentally unstable acts (suicide among others) and many people who depend on coping mechanisms such as therapy/mental health treatment and drugs (rx and street) and alcohol. (Although, maybe that's blown out of proportion by media sensationalism.)

It would seem that if humanity always had this level of mental fragility it would not have made it through our brutal natural environment. How could a tribe 10,000 years ago survive if for instance people committed suicide because they were rejected by a potential mate or their child died? 

So my question is; is there any validity to the idea that civilization has made humans mentally weaker/more fragile and thus less able to deal with adversity?",1325479011,askscience,1,/r/askscience/comments/nzdw2/has_civilization_made_humans_mentally_weakermore/,"{""score"": 1, ""top_level_comment"": null, ""retrieved_on"": -1, ""gilded"": -1, ""gildings"": null, ""subreddit"": ""askscience"", ""stickied"": false, ""permalink"": ""/r/askscience/comments/nzdw2/has_civilization_made_humans_mentally_weakermore/"", ""author_flair_text"": """"}"
nzdw9,nzdw9,chewy556,,,1325479014,askscience,1,/r/askscience/comments/nzdw9/when_is_your_brain_developed_enough_for_memories/,"{""score"": 1, ""top_level_comment"": null, ""retrieved_on"": -1, ""gilded"": -1, ""gildings"": null, ""subreddit"": ""askscience"", ""stickied"": false, ""permalink"": ""/r/askscience/comments/nzdw9/when_is_your_brain_developed_enough_for_memories/"", ""author_flair_text"": """"}"
c3d5c1d,nzdw9,archaevist,nzdw9,"The commonly held wisdom is that 3 years is the age when your hippocampus begins storing memories.

However, the events which your brain perceives change the shape of your infant brain. So events from before the age that memories are retained can have a significant effect on the mind.",1325480755,askscience,1,,"{""score"": 1, ""top_level_comment"": ""c3d5c1d"", ""retrieved_on"": 1428110020, ""gilded"": 0, ""gildings"": null, ""subreddit"": ""askscience"", ""stickied"": false, ""permalink"": """", ""author_flair_text"": """"}"
c3d8uk3,nzdw9,TaslemGuy,c3d5c1d,"To elaborate, the hippocampus is the area of the brain responsible for turning short-term memory into long-term memory. Without it, you can't remember anything for very long.",1325519195,askscience,2,,"{""score"": 2, ""top_level_comment"": ""c3d5c1d"", ""retrieved_on"": 1428111753, ""gilded"": 0, ""gildings"": null, ""subreddit"": ""askscience"", ""stickied"": false, ""permalink"": """", ""author_flair_text"": """"}"
c3dv2j4,nzdw9,jkb83,c3d8uk3,"To correct, the hippocampus is required for formation of new memories and is not involved in long term memory consolidation. ",1325696168,askscience,1,,"{""score"": 1, ""top_level_comment"": ""c3d5c1d"", ""retrieved_on"": 1428122436, ""gilded"": 0, ""gildings"": null, ""subreddit"": ""askscience"", ""stickied"": false, ""permalink"": """", ""author_flair_text"": ""Molecular/Cellular Neuroscience | Synaptic Plasticity""}"
c3f39l5,nzdw9,yoshhash,nzdw9,"my wife has vivid memories from before age 2.  She can recall some specific dates, like the last day of kindergarten (by that I mean she verified it through other people), the mood of a certain day, what she wore, what she ate.  She has phenomenal recall ability in general, but not always in a way that is useful.",1326026578,askscience,1,,"{""score"": 1, ""top_level_comment"": ""c3f39l5"", ""retrieved_on"": 1428143674, ""gilded"": 0, ""gildings"": null, ""subreddit"": ""askscience"", ""stickied"": false, ""permalink"": """", ""author_flair_text"": """"}"
nzfsl,nzfsl,Double-decker_trams,,"My childhood felt like an eternity. I'm only 20 years old and the last 3-4 years have passed in a blink. This is something that every last person I know is feeling as they get older. Has there been any research into this?

[Forgive me if my English is faulty. I'm Estonian.]",1325482086,askscience,0,/r/askscience/comments/nzfsl/why_does_it_feel_like_time_is_passing_at_an/,"{""score"": 0, ""top_level_comment"": null, ""retrieved_on"": -1, ""gilded"": -1, ""gildings"": null, ""subreddit"": ""askscience"", ""stickied"": false, ""permalink"": ""/r/askscience/comments/nzfsl/why_does_it_feel_like_time_is_passing_at_an/"", ""author_flair_text"": """"}"
c3d5n5w,nzfsl,Kribblefritz,nzfsl,"There has been research to suggest that this occurs because, as you get older, each day becomes a proportionally smaller and smaller part of your life as a whole. For example, when you are two years old, a year is half of your whole life up to that point. When you are 100 years old, one year is only 1% of your whole life. Make sense?",1325482809,askscience,3,,"{""score"": 3, ""top_level_comment"": ""c3d5n5w"", ""retrieved_on"": 1428110165, ""gilded"": 0, ""gildings"": null, ""subreddit"": ""askscience"", ""stickied"": false, ""permalink"": """", ""author_flair_text"": """"}"
c3d5vjd,nzfsl,chamora,nzfsl,"=D I was just surfing about this topic! Short and simple, we don't know. There are three theories discussed in this NPR radio discussion...they're all pretty intuitive.

http://www.npr.org/templates/story/story.php?storyId=122322542",1325484380,askscience,3,,"{""score"": 3, ""top_level_comment"": ""c3d5vjd"", ""retrieved_on"": 1428110289, ""gilded"": 0, ""gildings"": null, ""subreddit"": ""askscience"", ""stickied"": false, ""permalink"": """", ""author_flair_text"": """"}"
c3d69ze,nzfsl,rupert1920,c3d5n5w,"Citation please? Specifically, the _research_ you talked about that goes beyond conjecture.",1325487213,askscience,7,,"{""score"": 7, ""top_level_comment"": ""c3d5n5w"", ""retrieved_on"": 1428110475, ""gilded"": 0, ""gildings"": null, ""subreddit"": ""askscience"", ""stickied"": false, ""permalink"": """", ""author_flair_text"": ""Nuclear Magnetic Resonance""}"
c3d9s3q,nzfsl,Kribblefritz,c3d69ze,"http://everything2.com/user/Professor%20Pi/writeups/Why%20time%20appears%20to%20speed%20up%20with%20age

There's a link there to research done by TL Freeman, and it lists the name of his article and the publisher",1325526337,askscience,1,,"{""score"": 1, ""top_level_comment"": ""c3d5n5w"", ""retrieved_on"": 1428112192, ""gilded"": 0, ""gildings"": null, ""subreddit"": ""askscience"", ""stickied"": false, ""permalink"": """", ""author_flair_text"": """"}"
nzgzz,nzgzz,mrpoox,,"Ok so say you have a giant disk, like really big, and as infinity rigid as you can get.  And say you start spinning this disk fast enough so that midpoint of the disk's radius is moving at light speed.  What happens to the outer region of the disk?  If you had observers at the center, the midpoint of the radius and the outer edge, what would they see?  This question has been hurting my brain for three days.  Please help.",1325484112,askscience,0,/r/askscience/comments/nzgzz/what_are_the_implications_of_relativity_and_a/,"{""score"": 0, ""top_level_comment"": null, ""retrieved_on"": -1, ""gilded"": -1, ""gildings"": null, ""subreddit"": ""askscience"", ""stickied"": false, ""permalink"": ""/r/askscience/comments/nzgzz/what_are_the_implications_of_relativity_and_a/"", ""author_flair_text"": """"}"
c3d5vr4,nzgzz,mynameismunka,nzgzz,The fastest that this disk could spin would be the speed where the OUTER most part of the disk is going near the speed of light and everything interior to the outer edge would be going slower.,1325484421,askscience,1,,"{""score"": 1, ""top_level_comment"": ""c3d5vr4"", ""retrieved_on"": 1428110287, ""gilded"": 0, ""gildings"": null, ""subreddit"": ""askscience"", ""stickied"": false, ""permalink"": """", ""author_flair_text"": ""Stellar Evolution | Galactic Evolution""}"
c3d5w21,nzgzz,omgdonerkebab,nzgzz,http://www.reddit.com/r/askscience/comments/nysbq/what_prevents_a_large_rotating_disc_from/,1325484479,askscience,5,,"{""score"": 5, ""top_level_comment"": ""c3d5w21"", ""retrieved_on"": 1428110291, ""gilded"": 0, ""gildings"": null, ""subreddit"": ""askscience"", ""stickied"": false, ""permalink"": """", ""author_flair_text"": ""Theoretical Particle Physics | Particle Phenomenology""}"
c3d5xoe,nzgzz,Autoplectic,nzgzz,what you describe is the classic [Ehrenfest paradox](http://en.wikipedia.org/wiki/Ehrenfest_paradox). wikipedia goes to lengths to explain all the issues and resolutions involved in the thought experiment.,1325484785,askscience,3,,"{""score"": 3, ""top_level_comment"": ""c3d5xoe"", ""retrieved_on"": 1428110304, ""gilded"": 0, ""gildings"": null, ""subreddit"": ""askscience"", ""stickied"": false, ""permalink"": """", ""author_flair_text"": ""Complex Systems | Information Theory | Natural Computation""}"
nzhoy,nzhoy,drewcifer1986,,"Is it laws, money, deficiencies in science and technology or a combination of all these things?

",1325485313,askscience,2,/r/askscience/comments/nzhoy/whats_stopping_people_from_just_building_a/,"{""score"": 2, ""top_level_comment"": null, ""retrieved_on"": -1, ""gilded"": -1, ""gildings"": null, ""subreddit"": ""askscience"", ""stickied"": false, ""permalink"": ""/r/askscience/comments/nzhoy/whats_stopping_people_from_just_building_a/"", ""author_flair_text"": """"}"
c3d61kh,nzhoy,omgdonerkebab,nzhoy,"This may help:  http://www.reddit.com/r/askscience/comments/mz8pr/what_are_the_downsides_to_a_molten_salt_thorium/c357yuf

There are also a few other threads in /r/askscience discussing thorium reactors, all accessible with the search function.",1325485551,askscience,2,,"{""score"": 2, ""top_level_comment"": ""c3d61kh"", ""retrieved_on"": 1428110355, ""gilded"": 0, ""gildings"": null, ""subreddit"": ""askscience"", ""stickied"": false, ""permalink"": """", ""author_flair_text"": ""Theoretical Particle Physics | Particle Phenomenology""}"
c3d62pr,nzhoy,drewcifer1986,c3d61kh,Thanks I should have used search first.,1325485772,askscience,2,,"{""score"": 2, ""top_level_comment"": ""c3d61kh"", ""retrieved_on"": 1428110369, ""gilded"": 0, ""gildings"": null, ""subreddit"": ""askscience"", ""stickied"": false, ""permalink"": """", ""author_flair_text"": """"}"
c3d94s7,nzhoy,Maslo55,nzhoy,"Money: while LFTR will be cheap when developed and proven, the development part (as with any experimental reactor) is not cheap. I doubt it would cost less than 5 billion.

Defficiencies in technology: These are relatively minor, and solvable so its not a showstopper. LFTR wiki article has a good summary of design challenges.

Laws: This indeed. The amount of red tape and regulations in the field of nuclear engineering is huge.
http://deregulatetheatom.com/
Did you know for example that it is actually illegal to mine and own thorium in Australia?

More info on why was not LFTR developed sooner here:
http://energyfromthorium.com/2011/12/23/techtalk-why-tmsr/",1325521680,askscience,1,,"{""score"": 1, ""top_level_comment"": ""c3d94s7"", ""retrieved_on"": 1428111896, ""gilded"": 0, ""gildings"": null, ""subreddit"": ""askscience"", ""stickied"": false, ""permalink"": """", ""author_flair_text"": """"}"
nzicc,nzicc,Sicarium,,"Something similar so the muzzle block on a 50-cal, it has vents on the sides so that the gases expelled are not forced straight back into the shoulder of the shooter, reducing recoil and improving accuracy",1325486411,askscience,2,/r/askscience/comments/nzicc/if_one_of_the_main_reasons_for_inaccuracy_in/,"{""score"": 2, ""top_level_comment"": null, ""retrieved_on"": -1, ""gilded"": -1, ""gildings"": null, ""subreddit"": ""askscience"", ""stickied"": false, ""permalink"": ""/r/askscience/comments/nzicc/if_one_of_the_main_reasons_for_inaccuracy_in/"", ""author_flair_text"": """"}"
c3d67o6,nzicc,Gibblez,nzicc,"They are, it's called porting. But, most of the people who will pay to have their barrel ported are trapshooters and such, and most guns already have vents that porting might fuck up.",1325486744,askscience,1,,"{""score"": 1, ""top_level_comment"": ""c3d67o6"", ""retrieved_on"": 1428110436, ""gilded"": 0, ""gildings"": null, ""subreddit"": ""askscience"", ""stickied"": false, ""permalink"": """", ""author_flair_text"": """"}"
c3d69av,nzicc,Sicarium,c3d67o6,"I didn't know that, thanks",1325487076,askscience,1,,"{""score"": 1, ""top_level_comment"": ""c3d67o6"", ""retrieved_on"": 1428110456, ""gilded"": 0, ""gildings"": null, ""subreddit"": ""askscience"", ""stickied"": false, ""permalink"": """", ""author_flair_text"": """"}"
c3d6mma,nzicc,bibbit123,nzicc,"Having a barrel traps the gasses as they expand in order to accelerate the bullet.  The recoil you experience when firing a gun is the reactive force to the bullet accelerating away from you.  Less recoil = less fast bullet, it seems to me.",1325490037,askscience,1,,"{""score"": 1, ""top_level_comment"": ""c3d6mma"", ""retrieved_on"": 1428110707, ""gilded"": 0, ""gildings"": null, ""subreddit"": ""askscience"", ""stickied"": false, ""permalink"": """", ""author_flair_text"": """"}"
c3d6su4,nzicc,Haz_de_nar,c3d67o6,what is trapshooting,1325491550,askscience,1,,"{""score"": 1, ""top_level_comment"": ""c3d67o6"", ""retrieved_on"": 1428110788, ""gilded"": 0, ""gildings"": null, ""subreddit"": ""askscience"", ""stickied"": false, ""permalink"": """", ""author_flair_text"": """"}"
c3d7enn,nzicc,Gibblez,c3d69av,"No problem brother, I'm a trapshooter myself, and my shoulder would be horribly bruised and I couldn't hit shit with anything longer than a 30"" barrel because of the upkick. Asked my coach about that and he had me meet a guy who ported my barrel for 50 dollars. Best addition ever to my gun.",1325498491,askscience,1,,"{""score"": 1, ""top_level_comment"": ""c3d67o6"", ""retrieved_on"": 1428111072, ""gilded"": 0, ""gildings"": null, ""subreddit"": ""askscience"", ""stickied"": false, ""permalink"": """", ""author_flair_text"": """"}"
c3d7erw,nzicc,Gibblez,c3d6su4,"http://www.youtube.com/watch?v=q2mW6wE_R78

Here's a good link, you'll probably recognize it when you see it.",1325498538,askscience,1,,"{""score"": 1, ""top_level_comment"": ""c3d67o6"", ""retrieved_on"": 1428111073, ""gilded"": 0, ""gildings"": null, ""subreddit"": ""askscience"", ""stickied"": false, ""permalink"": """", ""author_flair_text"": """"}"
nzihx,nzihx,minno,,"I occasionally get a sort of ""creaking"" feeling in my knees, which goes away when I crack them.  What causes this?  Is there a medical name for it?",1325486673,askscience,3,/r/askscience/comments/nzihx/where_does_the_creaking_in_my_knees_come_from/,"{""score"": 3, ""top_level_comment"": null, ""retrieved_on"": -1, ""gilded"": -1, ""gildings"": null, ""subreddit"": ""askscience"", ""stickied"": false, ""permalink"": ""/r/askscience/comments/nzihx/where_does_the_creaking_in_my_knees_come_from/"", ""author_flair_text"": """"}"
c3d6cv3,nzihx,on_the_redpill,nzihx,I'd say the creaking is likely due to cartilage rubbing against cartilage. There's pressure causing this since popping resolves the issue. What's causing the popping then is the next question. [This](http://www.floota.com/vastus_medialis_and_knee_popping.html) may be helpful,1325487817,askscience,1,,"{""score"": 1, ""top_level_comment"": ""c3d6cv3"", ""retrieved_on"": 1428110503, ""gilded"": 0, ""gildings"": null, ""subreddit"": ""askscience"", ""stickied"": false, ""permalink"": """", ""author_flair_text"": """"}"
c3d6dzi,nzihx,minno,c3d6cv3,Isn't cartilage supposed to be almost frictionless?  It happens pretty infrequently.,1325488054,askscience,1,,"{""score"": 1, ""top_level_comment"": ""c3d6cv3"", ""retrieved_on"": 1428110519, ""gilded"": 0, ""gildings"": null, ""subreddit"": ""askscience"", ""stickied"": false, ""permalink"": """", ""author_flair_text"": """"}"
c3d6kam,nzihx,on_the_redpill,c3d6dzi,"It's slippery but not frictionless. Over time the cartilage becomes more worn and fibrous.

 It's possible that your knees are popping much like fingers or backs crack due to gas buildup in the synovial fluid (between the articulating surfaces of bones). I suppose the gas buildup could have an effect on how the surfaces articulate and that popping your knee could relieve this symptom???

I think it's more likely that you have some sort of mechanical blockage though, which could be small enough that it's just causing an increase in friction resulting in a creaking noise. A pop could be a change in position of cartilage that relieves the symptom. This could be from a [tear in your meniscus](http://en.wikipedia.org/wiki/Tear_of_meniscus) for example.",1325489497,askscience,1,,"{""score"": 1, ""top_level_comment"": ""c3d6cv3"", ""retrieved_on"": 1428110675, ""gilded"": 0, ""gildings"": null, ""subreddit"": ""askscience"", ""stickied"": false, ""permalink"": """", ""author_flair_text"": """"}"
nzit3,nzit3,[deleted],,,1325487252,askscience,2,/r/askscience/comments/nzit3/since_our_oxygen_comes_from_plants/,"{""score"": 2, ""top_level_comment"": null, ""retrieved_on"": -1, ""gilded"": -1, ""gildings"": null, ""subreddit"": ""askscience"", ""stickied"": false, ""permalink"": ""/r/askscience/comments/nzit3/since_our_oxygen_comes_from_plants/"", ""author_flair_text"": """"}"
c3d6ok1,nzit3,synnndstalker,nzit3,"Yes, absolutely. however this would require a lot of energy to split the two carbon=oxygen bonds and form one oxygen=oxygen bond. So instead of carrying oxygen, you would need to carry an even larger battery supply. ",1325490497,askscience,3,,"{""score"": 3, ""top_level_comment"": ""c3d6ok1"", ""retrieved_on"": 1428110732, ""gilded"": 0, ""gildings"": null, ""subreddit"": ""askscience"", ""stickied"": false, ""permalink"": """", ""author_flair_text"": """"}"
c3d6qf5,nzit3,TheyCallMeStone,c3d6ok1,"Yes, carrying CO2 and converting to O2 would be far more energy consuming. And this may not work for scuba gear, but [plants aboard space stations and such](http://www.nasa.gov/audience/foreducators/topnav/materials/listbytype/Growing_the_Future_Plants_in_Space.html) could theoretically provide not only O2, but food as well.",1325490953,askscience,1,,"{""score"": 1, ""top_level_comment"": ""c3d6ok1"", ""retrieved_on"": 1428110769, ""gilded"": 0, ""gildings"": null, ""subreddit"": ""askscience"", ""stickied"": false, ""permalink"": """", ""author_flair_text"": """"}"
c3d74ug,nzit3,[deleted],c3d6ok1,[deleted],1325494959,askscience,1,,"{""score"": 1, ""top_level_comment"": ""c3d6ok1"", ""retrieved_on"": 1428110945, ""gilded"": 0, ""gildings"": null, ""subreddit"": ""askscience"", ""stickied"": false, ""permalink"": """", ""author_flair_text"": """"}"
c3d9g0y,nzit3,meaningless_name,nzit3,"This question is based on a false premise.  The oxygen produced during photosynthesis does *not* come from CO2, it comes from H2O.  ",1325523993,askscience,2,,"{""score"": 2, ""top_level_comment"": ""c3d9g0y"", ""retrieved_on"": 1428112038, ""gilded"": 0, ""gildings"": null, ""subreddit"": ""askscience"", ""stickied"": false, ""permalink"": """", ""author_flair_text"": ""Molecular Biology | Membrane Protein Structure""}"
c3dcf6o,nzit3,[deleted],c3d9g0y,[deleted],1325542529,askscience,1,,"{""score"": 1, ""top_level_comment"": ""c3d9g0y"", ""retrieved_on"": 1428113437, ""gilded"": 0, ""gildings"": null, ""subreddit"": ""askscience"", ""stickied"": false, ""permalink"": """", ""author_flair_text"": """"}"
c3dyx9h,nzit3,infinite0ne,nzit3,"http://en.wikipedia.org/wiki/Rebreather#Theory

Doesn't convert CO2 to O2, but that would be energy intensive to do.",1325717265,askscience,1,,"{""score"": 1, ""top_level_comment"": ""c3dyx9h"", ""retrieved_on"": 1428124311, ""gilded"": 0, ""gildings"": null, ""subreddit"": ""askscience"", ""stickied"": false, ""permalink"": """", ""author_flair_text"": """"}"
c3eb8gf,nzit3,ErezYehuda,c3dyx9h,"Just to clarify for everyone else, rebreathers don't give you more oxygen or new oxygen, they just capture CO2 to prevent poisoning from it (doing so allows you to keep the air you had, instead of throwing out CO2 with O2).",1325804407,askscience,1,,"{""score"": 1, ""top_level_comment"": ""c3dyx9h"", ""retrieved_on"": 1428130181, ""gilded"": 0, ""gildings"": null, ""subreddit"": ""askscience"", ""stickied"": false, ""permalink"": """", ""author_flair_text"": """"}"
nzj1h,nzj1h,mattster_oyster,,"Vegan here. I've heard/read that a vegan diet uses very little land compared to a diet with animal products in it. Some sources (internet sites) claim that a vegan diet uses around a fifth, though normally they say more. I was wondering if the facts that I've read online had any academic backing.

Also, if it is true that it is more efficient foodwise to be vegan, then is it better for the planet to be vegan? And would the increase in supply of food mean there was enough for everyone? Or that it would be at a better price?

Any statistic about the amount of land saved would be great, but I live in New Zealand and I'm wondering if they way we farm would give us different results from the ones I see online.

Thanks for the help, sorry to ask so much!",1325487666,askscience,1,/r/askscience/comments/nzj1h/could_world_hunger_be_solved_and_the_impact_of/,"{""score"": 1, ""top_level_comment"": null, ""retrieved_on"": -1, ""gilded"": -1, ""gildings"": null, ""subreddit"": ""askscience"", ""stickied"": false, ""permalink"": ""/r/askscience/comments/nzj1h/could_world_hunger_be_solved_and_the_impact_of/"", ""author_flair_text"": """"}"
nzjrt,nzjrt,[deleted],,"""In the 20 years since the scare was launched, global man-made CO2 emissions have risen by 50 per cent. But at the end of 2011, global temperatures measured by Nasa satellites stood barely a tenth of a degree Celsius higher than their average throughout the 32 years since satellite measurements began – far lower than the projected warming. The computer models on which the scare relied have proved so wrong that it is incomprehensible how they were ever taken seriously.""

http://www.telegraph.co.uk/comment/columnists/christopherbooker/8986379/Europe-cannot-save-the-euro-nor-save-itself-from-the-euro.html

I understand some principles of the greenhouse effect: I am asking whether the information about the temperature change is true.

On the off-chance this information is true, that the temperature has not changed but a tenth of a degree, then I would have to examine more of my thought patterns.",1325489245,askscience,1,/r/askscience/comments/nzjrt/has_global_temp_been_only_1_c_higher_than_their/,"{""score"": 1, ""top_level_comment"": null, ""retrieved_on"": -1, ""gilded"": -1, ""gildings"": null, ""subreddit"": ""askscience"", ""stickied"": false, ""permalink"": ""/r/askscience/comments/nzjrt/has_global_temp_been_only_1_c_higher_than_their/"", ""author_flair_text"": """"}"
c3d6k8y,nzjrt,Ilverin,nzjrt,"As to the other environmental anecdotes in the article, I would appreciate any debunking of those as well:

""crazily expensive and useless windmills"":
Nuclear power similarly has large capital costs and supposedly low maintenance.

""The dream of solar power is disintegrating, as country after country slashes its subsidies""
Hydrocarbon fuels are similarly subsidized to solar power.",1325489486,askscience,1,,"{""score"": 1, ""top_level_comment"": ""c3d6k8y"", ""retrieved_on"": 1428110675, ""gilded"": 0, ""gildings"": null, ""subreddit"": ""askscience"", ""stickied"": false, ""permalink"": """", ""author_flair_text"": """"}"
c3d6kk1,nzjrt,Ilverin,nzjrt,"The linked article comes from r/Economics:
http://www.reddit.com/r/Economics/comments/nzhs0/europe_cannot_save_the_euro_nor_save_itself_from/",1325489557,askscience,1,,"{""score"": 1, ""top_level_comment"": ""c3d6kk1"", ""retrieved_on"": 1428110679, ""gilded"": 0, ""gildings"": null, ""subreddit"": ""askscience"", ""stickied"": false, ""permalink"": """", ""author_flair_text"": """"}"
nzjtx,nzjtx,permanentlytemporary,,"This question stems from [this thread](http://www.reddit.com/r/pics/comments/nz34i/apparently_morons_still_do_this_on_new_years_eve/)(specifically [this comment](http://www.reddit.com/r/pics/comments/nz34i/apparently_morons_still_do_this_on_new_years_eve/c3d3bju) and the replies to it.  If you look at the [picture](http://i.imgur.com/26xPD.jpg), you see that the asphalt is chipped and the bullet is intact and not deformed.

Some claim that this picture is fake because the bullet would be going very fast out of the gun's barrel, lose velocity until it had zero at the apex of the arc, and, despite what I learned in high school physics, the bullet wouldn't reach the same velocity on the way down because of terminal velocity.  So it wouldn't hit the ground hard enough to deform (proving the picture's legitimacy), or it wouldn't hit the ground hard enough to deform *or* chip the asphalt (disproving the legitimacy of the picture).

I am of the belief that if the bullet had enough power/speed/force/whatever to chip the asphalt, then it would also deform from the impact regardless of whether its end velocity matched its original velocity.

What would happen?  Is the picture real?",1325489340,askscience,0,/r/askscience/comments/nzjtx/how_would_a_bullet_fired_into_the_air_behave/,"{""score"": 0, ""top_level_comment"": null, ""retrieved_on"": -1, ""gilded"": -1, ""gildings"": null, ""subreddit"": ""askscience"", ""stickied"": false, ""permalink"": ""/r/askscience/comments/nzjtx/how_would_a_bullet_fired_into_the_air_behave/"", ""author_flair_text"": """"}"
nzjx6,nzjx6,watabit,,"I was reading up on how if muscle cells have oxygen, they can do respiration to burn glucose, but how in times of short oxygen, glucose can kind of be crudely chopped up into lactic acid for a small amount of energy.  This doesn't take oxygen, except you eventually do need oxygen to get rid of the built up lactic acid.

That's my layman's understanding.  My question is whether this anaerobic process is more efficient in some animals than others.  Are there animals that can deal with more lactic acid, or destroy it faster?",1325489514,askscience,1,/r/askscience/comments/nzjx6/are_there_animals_that_can_do_better_anaerobic/,"{""score"": 1, ""top_level_comment"": null, ""retrieved_on"": -1, ""gilded"": -1, ""gildings"": null, ""subreddit"": ""askscience"", ""stickied"": false, ""permalink"": ""/r/askscience/comments/nzjx6/are_there_animals_that_can_do_better_anaerobic/"", ""author_flair_text"": """"}"
c3d8tkr,nzjx6,TaslemGuy,nzjx6,"Lactic acid is not the only product from anaerobic respiration. Different anaerobic processes produce different waste.

Some organisms (unicellular/colonial) have only anaerobic systems for the production of energy.",1325518927,askscience,1,,"{""score"": 1, ""top_level_comment"": ""c3d8tkr"", ""retrieved_on"": 1428111742, ""gilded"": 0, ""gildings"": null, ""subreddit"": ""askscience"", ""stickied"": false, ""permalink"": """", ""author_flair_text"": """"}"
nzk10,nzk10,[deleted],,"Hypothetically, suppose you could only get the necessary nutrients for living through pill form. What vitamins or nutrients are *absolutely crucial* for surviving (ie. Vitamin C, Omega-3's... what else?). ",1325489709,askscience,1,/r/askscience/comments/nzk10/what_vitamins_and_nutrients_are_crucial_for/,"{""score"": 1, ""top_level_comment"": null, ""retrieved_on"": -1, ""gilded"": -1, ""gildings"": null, ""subreddit"": ""askscience"", ""stickied"": false, ""permalink"": ""/r/askscience/comments/nzk10/what_vitamins_and_nutrients_are_crucial_for/"", ""author_flair_text"": """"}"
c3d6wkj,nzk10,synnndstalker,nzk10,"Disregarding caloric intake, there are what is called ""essential"" and ""non-essential"" vitamins and minerals. An ""essential"" vitamin or nutrient is one that is not synthesized (either entirely not or not in a sufficient amount) in the body from precursors and must be obtained via the diet. A ""non-essential"" vitamin or mineral can be synthesized in the body. 

A list of essential nutrients can be found [here](http://en.wikipedia.org/wiki/Essential_nutrient) at good ol' wikipedia.",1325492516,askscience,2,,"{""score"": 2, ""top_level_comment"": ""c3d6wkj"", ""retrieved_on"": 1428110837, ""gilded"": 0, ""gildings"": null, ""subreddit"": ""askscience"", ""stickied"": false, ""permalink"": """", ""author_flair_text"": """"}"
c3de1f1,nzk10,hollywoodshowbox,c3d6wkj,Thanks! ,1325552573,askscience,1,,"{""score"": 1, ""top_level_comment"": ""c3d6wkj"", ""retrieved_on"": 1428114268, ""gilded"": 0, ""gildings"": null, ""subreddit"": ""askscience"", ""stickied"": false, ""permalink"": """", ""author_flair_text"": """"}"
nzkjv,nzkjv,[deleted],,From what I read this is still an ongoing debate. Many people claim wisdom teeth are usually pulled due to hygiene concerns such as trapping debris in the back of the mouth.,1325490920,askscience,1,/r/askscience/comments/nzkjv/do_wisdom_teeth_really_cause_crowding_or_shifting/,"{""score"": 1, ""top_level_comment"": null, ""retrieved_on"": -1, ""gilded"": -1, ""gildings"": null, ""subreddit"": ""askscience"", ""stickied"": false, ""permalink"": ""/r/askscience/comments/nzkjv/do_wisdom_teeth_really_cause_crowding_or_shifting/"", ""author_flair_text"": """"}"
c3d6v22,nzkjv,v4n3554,nzkjv,"If there isn't room for the wisdom tooth in the jaw, it can become [impacted](http://surgical-dentistry.info/files/BMJ_Clinical_Evidence2010_Impacted_Wisdom_Teeth.pdf) and cause disease.  I have a very small jaw and my impacted wisdom tooth was causing me a ridiculous amount of pain.",1325492121,askscience,1,,"{""score"": 1, ""top_level_comment"": ""c3d6v22"", ""retrieved_on"": 1428110817, ""gilded"": 0, ""gildings"": null, ""subreddit"": ""askscience"", ""stickied"": false, ""permalink"": """", ""author_flair_text"": """"}"
c3d6z8d,nzkjv,[deleted],nzkjv,[deleted],1325493283,askscience,1,,"{""score"": 1, ""top_level_comment"": ""c3d6z8d"", ""retrieved_on"": 1428110874, ""gilded"": 0, ""gildings"": null, ""subreddit"": ""askscience"", ""stickied"": false, ""permalink"": """", ""author_flair_text"": """"}"
c3dtykr,nzkjv,arbiro,nzkjv,The wisdom teeth could also grow not parallel but perpendicular on the other teeth ( happened to my girlfriend). This caused a bit of crowding and pain. She already had two of them removed(surgically).,1325688600,askscience,1,,"{""score"": 1, ""top_level_comment"": ""c3dtykr"", ""retrieved_on"": 1428121911, ""gilded"": 0, ""gildings"": null, ""subreddit"": ""askscience"", ""stickied"": false, ""permalink"": """", ""author_flair_text"": """"}"
nzl6u,nzl6u,[deleted],,See title. How/why does this happen? Evolutionary perspectives are encouraged. Does this happen with mother and daughters/siblings too? ,1325492474,askscience,1,/r/askscience/comments/nzl6u/whyhow_do_women_who_live_together_get_on_the_same/,"{""score"": 1, ""top_level_comment"": null, ""retrieved_on"": -1, ""gilded"": -1, ""gildings"": null, ""subreddit"": ""askscience"", ""stickied"": false, ""permalink"": ""/r/askscience/comments/nzl6u/whyhow_do_women_who_live_together_get_on_the_same/"", ""author_flair_text"": """"}"
c3d6xn7,nzl6u,[deleted],nzl6u,[deleted],1325492815,askscience,-1,,"{""score"": -1, ""top_level_comment"": ""c3d6xn7"", ""retrieved_on"": 1428110849, ""gilded"": 0, ""gildings"": null, ""subreddit"": ""askscience"", ""stickied"": false, ""permalink"": """", ""author_flair_text"": """"}"
c3d70pd,nzl6u,on_the_redpill,nzl6u,"Pharyngula is a great blog, you might find this useful. [Why do women menstruate](http://scienceblogs.com/pharyngula/2011/12/why_do_women_menstruate.php?utm_source=feedburner&amp;utm_medium=feed&amp;utm_campaign=Feed%3A+scienceblogs%2Fpharyngula+%28Pharyngula%29) 

I can only really offer up ideas on this as the research is pretty limited. ",1325493702,askscience,-1,,"{""score"": -1, ""top_level_comment"": ""c3d70pd"", ""retrieved_on"": 1428110892, ""gilded"": 0, ""gildings"": null, ""subreddit"": ""askscience"", ""stickied"": false, ""permalink"": """", ""author_flair_text"": """"}"
c3d7rxr,nzl6u,Arktri,nzl6u,"We kind of covered this in a psychology while looking at infradian rhythm. The menstrual cycle appears to be under the influence of both endogenous mechanisms, and external zeitgebers. Why seems to be from an evolutionary view. If the cycles all match up it kind of makes things easier from a reproduction point of view. The interesting thing is it can happen within just days of living together. And yes, mothers, daughters and siblings tend to have similar cycles. ",1325504358,askscience,-2,,"{""score"": -2, ""top_level_comment"": ""c3d7rxr"", ""retrieved_on"": 1428111247, ""gilded"": 0, ""gildings"": null, ""subreddit"": ""askscience"", ""stickied"": false, ""permalink"": """", ""author_flair_text"": """"}"
c3d7u4d,nzl6u,GeoManCam,nzl6u,This has been asked before. Please see [here](http://www.reddit.com/r/askscience/comments/hrvuv/do_women_synchronize_their_ovulation_if_they/),1325505438,askscience,3,,"{""score"": 3, ""top_level_comment"": ""c3d7u4d"", ""retrieved_on"": 1428111275, ""gilded"": 0, ""gildings"": null, ""subreddit"": ""askscience"", ""stickied"": false, ""permalink"": """", ""author_flair_text"": ""Geophysics | Basin Analysis | Petroleum Geoscience""}"
nzmjg,nzmjg,[deleted],,"I heard that, losing consciousness could lower blood pressure, thus internal or external bleeding could do less harm.

But why sometimes body loses consciousness by fear or excitement?

I recall my memory at 14 years old, my health examination required to take my blood sample, it was the first time for me. After my blood sample was taken, I stood up and began walking, but after a few steps I suddenly lost consciousness (blacked out), collapsed on a chair for about a minute or two.

I have seen or heard, both in real life and in movies, that people could also lose consciousness by fear or excitements. Why is that?

Thanks :)",1325495957,askscience,1,/r/askscience/comments/nzmjg/why_does_body_lose_consciousness_when_there_is/,"{""score"": 1, ""top_level_comment"": null, ""retrieved_on"": -1, ""gilded"": -1, ""gildings"": null, ""subreddit"": ""askscience"", ""stickied"": false, ""permalink"": ""/r/askscience/comments/nzmjg/why_does_body_lose_consciousness_when_there_is/"", ""author_flair_text"": """"}"
nznpd,nznpd,[deleted],,"I know that plants produce oxygen, but after looking at [some math](http://www.reddit.com/r/AskReddit/comments/nz9zt/what_is_the_stupidest_thing_you_have_ever_had_to/c3d5y4d) about how much oxygen each person uses, I began wondering if there are any interesting effects from the civilization of humanity.  

I would assume that rainforests have high oxygen levels, and that disperses and you get farther away from them. Cities would also have pretty low levels of oxygen, comparatively. Is this true? Does this affect humanity, or are the differences negligible? 

Is there a measurable drift of gases as they equalize? Does this affect wind much?

TL;DR, Oxygen producers are clumped and away from (also clumped) oxygen users. Does this matter? ",1325499609,askscience,0,/r/askscience/comments/nznpd/where_is_all_this_oxygen_coming_from/,"{""score"": 0, ""top_level_comment"": null, ""retrieved_on"": -1, ""gilded"": -1, ""gildings"": null, ""subreddit"": ""askscience"", ""stickied"": false, ""permalink"": ""/r/askscience/comments/nznpd/where_is_all_this_oxygen_coming_from/"", ""author_flair_text"": """"}"
c3dc35y,nznpd,highintensitycanada,nznpd,"Keep in mind that most of the O2 in our air comes from the ocean and microbes not trees, additionally things will try to be in an equilibrium so any [differences] will be much less than if the air was static ",1325540517,askscience,3,,"{""score"": 3, ""top_level_comment"": ""c3dc35y"", ""retrieved_on"": 1428113279, ""gilded"": 0, ""gildings"": null, ""subreddit"": ""askscience"", ""stickied"": false, ""permalink"": """", ""author_flair_text"": """"}"
nzo3f,nzo3f,Paradician,,"Dear AskScience - this bugs me every time I'm on an aircraft! They provide hot tea or coffee in a paper cup, but we only get a short amount of time to drink it before they start collecting it up again for landing (I'm in New Zealand, our average flights are 30 minutes :)

So, question - will my paper cup of hot coffee cool down faster if I'm holding it in my hand, or faster if I leave it on the tray table provided? 

(supplementary question - will it cool faster if I add the little milk carton as soon as I receive the coffee, or if I wait a little while, or no difference?)

Many thanks!",1325500841,askscience,1,/r/askscience/comments/nzo3f/what_cools_down_a_hot_cup_of_coffee_faster/,"{""score"": 1, ""top_level_comment"": null, ""retrieved_on"": -1, ""gilded"": -1, ""gildings"": null, ""subreddit"": ""askscience"", ""stickied"": false, ""permalink"": ""/r/askscience/comments/nzo3f/what_cools_down_a_hot_cup_of_coffee_faster/"", ""author_flair_text"": """"}"
nzodz,nzodz,Guitarf,,,1325501815,askscience,0,/r/askscience/comments/nzodz/what_happens_if_you_build_up_static_and_zap_your/,"{""score"": 0, ""top_level_comment"": null, ""retrieved_on"": -1, ""gilded"": -1, ""gildings"": null, ""subreddit"": ""askscience"", ""stickied"": false, ""permalink"": ""/r/askscience/comments/nzodz/what_happens_if_you_build_up_static_and_zap_your/"", ""author_flair_text"": """"}"
c3d7myq,nzodz,[deleted],nzodz,[deleted],1325501969,askscience,-1,,"{""score"": -1, ""top_level_comment"": ""c3d7myq"", ""retrieved_on"": 1428111183, ""gilded"": 0, ""gildings"": null, ""subreddit"": ""askscience"", ""stickied"": false, ""permalink"": """", ""author_flair_text"": """"}"
c3d7njg,nzodz,baltoszrhnds,nzodz,"You can't. Your eyes don't conduct electricity very well at all, especially compared to the skin around your eyes, so the static electricity will hit your skin instead of your eyes.",1325502246,askscience,0,,"{""score"": 0, ""top_level_comment"": ""c3d7njg"", ""retrieved_on"": 1428111189, ""gilded"": 0, ""gildings"": null, ""subreddit"": ""askscience"", ""stickied"": false, ""permalink"": """", ""author_flair_text"": """"}"
c3d7z8l,nzodz,deepobedience,c3d7njg,Why would you say that? Saline on eyes... vs dry skin surface? Doesn't make any sense.,1325507956,askscience,2,,"{""score"": 2, ""top_level_comment"": ""c3d7njg"", ""retrieved_on"": 1428190420, ""gilded"": 0, ""gildings"": null, ""subreddit"": ""askscience"", ""stickied"": false, ""permalink"": """", ""author_flair_text"": ""Neurophysiology | Biophysics | Neuropharmacology""}"
c3d7zhr,nzodz,deepobedience,nzodz,"I've zapped the surface of my eye balls with the piezoelectric starter device from an electric lighter. It produces similar voltages to a standard ""static shock"". 

The answer. It hurts. That is all.",1325508075,askscience,3,,"{""score"": 3, ""top_level_comment"": ""c3d7zhr"", ""retrieved_on"": 1428111350, ""gilded"": 0, ""gildings"": null, ""subreddit"": ""askscience"", ""stickied"": false, ""permalink"": """", ""author_flair_text"": ""Neurophysiology | Biophysics | Neuropharmacology""}"
c3d8kal,nzodz,GeneralRobert,nzodz,"You can't build up significant static electricity gradients within your body. There would not be the potential difference between your fingers and eye to produce a spark or ""zap"".",1325516288,askscience,3,,"{""score"": 3, ""top_level_comment"": ""c3d8kal"", ""retrieved_on"": 1428111619, ""gilded"": 0, ""gildings"": null, ""subreddit"": ""askscience"", ""stickied"": false, ""permalink"": """", ""author_flair_text"": """"}"
nzsz5,nzsz5,trillic,,"My friends and I are having an arguement over this question:

""Someone 5 LY away on a planet is getting ""poked"" by a 5 LY long stick from here on earth""

Does it take five years (or more) from the time one end of the stick is pushed until the person right next to the other end is poked by it? Or does it happen in next to no time at all? 
- I personally believe that it will take alteast five years.. since if the person being poked had a telescope and watched the person push the stick, it would take the light (""information"") 5 years to reach him.. and he can't get poked by the stick if it hasn't been pushed? 

Is that right to say?

*Ignoring the fact of obvious problems with the situation, like requiring a massive force to move the stick.",1325516196,askscience,1,/r/askscience/comments/nzsz5/someone_5_ly_away_on_a_planet_is_getting_poked_by/,"{""score"": 1, ""top_level_comment"": null, ""retrieved_on"": -1, ""gilded"": -1, ""gildings"": null, ""subreddit"": ""askscience"", ""stickied"": false, ""permalink"": ""/r/askscience/comments/nzsz5/someone_5_ly_away_on_a_planet_is_getting_poked_by/"", ""author_flair_text"": """"}"
nzuvm,nzuvm,yogsototh,,"Considering relativity somebody told me it is certainly impossible to know our absolute speed. But I just imagined the following method:

An immobile point in space has the time that goes the fastest possible. 
Just throw clocks in every directions with more or less speed relatively to us. Select the clock which appear to be the fastest relatively to us. This way our absolute speed (if something like that exists) is the speed of this clock relative to us.

There is certainly a better way than throwing thousand of clock in all direction but you get the idea. I am sure with some dichotomy method you should discover this ""real"" absolute speed with as any precision as we want.

Do I make an error?",1325520324,askscience,1,/r/askscience/comments/nzuvm/is_this_method_work_to_discover_our_absolute_speed/,"{""score"": 1, ""top_level_comment"": null, ""retrieved_on"": -1, ""gilded"": -1, ""gildings"": null, ""subreddit"": ""askscience"", ""stickied"": false, ""permalink"": ""/r/askscience/comments/nzuvm/is_this_method_work_to_discover_our_absolute_speed/"", ""author_flair_text"": """"}"
nzxce,nzxce,[deleted],,"I like to help out in the small ways that I can while I am still a full-time student. I give blood and have tried to give platelets. Out of the ten times that I have given platelets, I have had two successes, one of those successes came when they decided to take plasma instead of platelets. The other 8 times I couldn't give because my count was too low. Is there anyway to increase your platelet count steadily over time, and is there a way to spike it up for the day that I want to donate?

TL;DR  Can you steadily raise your platelet count over time and/or spike it up high for the day that you want to donate?",1325524813,askscience,1,/r/askscience/comments/nzxce/is_it_possible_to_increase_your_platelet_count/,"{""score"": 1, ""top_level_comment"": null, ""retrieved_on"": -1, ""gilded"": -1, ""gildings"": null, ""subreddit"": ""askscience"", ""stickied"": false, ""permalink"": ""/r/askscience/comments/nzxce/is_it_possible_to_increase_your_platelet_count/"", ""author_flair_text"": """"}"
nzy2f,nzy2f,mikethenord,,"If they had the same genes, and every single bit of their life and environment was the same, would they be the same people?  It seems pretty obvious but i'm just curious.",1325525980,askscience,0,/r/askscience/comments/nzy2f/if_someone_grows_up_with_the_exact_same_genes_as/,"{""score"": 0, ""top_level_comment"": null, ""retrieved_on"": -1, ""gilded"": -1, ""gildings"": null, ""subreddit"": ""askscience"", ""stickied"": false, ""permalink"": ""/r/askscience/comments/nzy2f/if_someone_grows_up_with_the_exact_same_genes_as/"", ""author_flair_text"": """"}"
c3d9tgo,nzy2f,icantnameme,nzy2f,"They would have to be perfectly identical down to the last detail, i.e. same place, exposed to the same chemicals, same news, same events, same food, and same genetic mutations. Even if all this occurs... it only increases the likelihood of them being identical, you might as well flip a quantum coin for every brain cell they have. There will be some imperfections due to the number of constraints beyond human control, but they will likely be very similar. I think a better question to ask would be: Would twins be more or less similar if they grew up in controlled but separate identical environments (and not allowed to converse), or if they were raised in the same household?",1325526593,askscience,3,,"{""score"": 3, ""top_level_comment"": ""c3d9tgo"", ""retrieved_on"": 1428190394, ""gilded"": 0, ""gildings"": null, ""subreddit"": ""askscience"", ""stickied"": false, ""permalink"": """", ""author_flair_text"": """"}"
c3d9wf5,nzy2f,TaslemGuy,nzy2f,This is part of the determinism debate. ,1325527153,askscience,3,,"{""score"": 3, ""top_level_comment"": ""c3d9wf5"", ""retrieved_on"": 1428112255, ""gilded"": 0, ""gildings"": null, ""subreddit"": ""askscience"", ""stickied"": false, ""permalink"": """", ""author_flair_text"": """"}"
c3db8y4,nzy2f,derpderp3200,nzy2f,"They would be similar in many aspects, but there are just too many factors, some of which are quite random, for them to be completely identical.",1325535476,askscience,1,,"{""score"": 1, ""top_level_comment"": ""c3db8y4"", ""retrieved_on"": 1428112882, ""gilded"": 0, ""gildings"": null, ""subreddit"": ""askscience"", ""stickied"": false, ""permalink"": """", ""author_flair_text"": """"}"
nzzog,nzzog,[deleted],,,1325528499,askscience,0,/r/askscience/comments/nzzog/true_or_false_if_every_word_spoken_in_new_york/,"{""score"": 0, ""top_level_comment"": null, ""retrieved_on"": -1, ""gilded"": -1, ""gildings"": null, ""subreddit"": ""askscience"", ""stickied"": false, ""permalink"": ""/r/askscience/comments/nzzog/true_or_false_if_every_word_spoken_in_new_york/"", ""author_flair_text"": """"}"
c3dajwe,nzzog,dearsomething,nzzog,This is a better question for /r/math.,1325531286,askscience,1,,"{""score"": 1, ""top_level_comment"": ""c3dajwe"", ""retrieved_on"": 1428190385, ""gilded"": 0, ""gildings"": null, ""subreddit"": ""askscience"", ""stickied"": false, ""permalink"": """", ""author_flair_text"": ""Cognition | Neuro/Bioinformatics | Statistics""}"
c3dam94,nzzog,Fmeson,c3dajwe,Why? I doubt /r/math wants submissions like this.,1325531680,askscience,1,,"{""score"": 1, ""top_level_comment"": ""c3dajwe"", ""retrieved_on"": 1428112587, ""gilded"": 0, ""gildings"": null, ""subreddit"": ""askscience"", ""stickied"": false, ""permalink"": """", ""author_flair_text"": """"}"
c3dan4b,nzzog,dearsomething,c3dam94,"/r/math probably doesn't want it, either, but it's a math problem with a few unknowns.

There isn't a question about scientific research, studies, findings, hypotheses or theories. It's based on something a poet said one time, and there are a bunch of numbers to calculate number of words (per day) and number of snowflakes (per typical blizzard). ",1325531828,askscience,1,,"{""score"": 1, ""top_level_comment"": ""c3dajwe"", ""retrieved_on"": 1428112598, ""gilded"": 0, ""gildings"": null, ""subreddit"": ""askscience"", ""stickied"": false, ""permalink"": """", ""author_flair_text"": ""Cognition | Neuro/Bioinformatics | Statistics""}"
c3db5bh,nzzog,Fmeson,c3dan4b,"I agree it isn't an ideal /r/askscience question, but I still assert that it is an even worse /r/math question.  ",1325534878,askscience,1,,"{""score"": 1, ""top_level_comment"": ""c3dajwe"", ""retrieved_on"": 1428112835, ""gilded"": 0, ""gildings"": null, ""subreddit"": ""askscience"", ""stickied"": false, ""permalink"": """", ""author_flair_text"": """"}"
c3dbabj,nzzog,Fmeson,c3dan4b,"I agree that it isn't a good question for /r/askscience, but please don't send /r/math questions that are not about mathematics. This question requires sociological studies and basic algebra to answer. Questions that require modern mathematics or mathematical problem solving are welcome in /r/math; questions that only require computing values most likely are not. ",1325535704,askscience,1,,"{""score"": 1, ""top_level_comment"": ""c3dajwe"", ""retrieved_on"": 1428112901, ""gilded"": 0, ""gildings"": null, ""subreddit"": ""askscience"", ""stickied"": false, ""permalink"": """", ""author_flair_text"": """"}"
nzzoy,nzzoy,adremeaux,,"Anyone care to run the numbers?

As extra credit: how much gas would need to be expelled to propel a 150 pound person into the air 2cm? Assume a duration of expulsion of 0.5 seconds, and an exit hole diameter of 1mm. ",1325528521,askscience,0,/r/askscience/comments/nzzoy/if_you_fart_while_sitting_down_does_your_body_get/,"{""score"": 0, ""top_level_comment"": null, ""retrieved_on"": -1, ""gilded"": -1, ""gildings"": null, ""subreddit"": ""askscience"", ""stickied"": false, ""permalink"": ""/r/askscience/comments/nzzoy/if_you_fart_while_sitting_down_does_your_body_get/"", ""author_flair_text"": """"}"
c3dbyq5,nzzoy,djimbob,nzzoy,"Without running the numbers, you won't have any sort of upward propulsion.

Remember a 80 kg person, has about ~800 N of downwardforce pulling them down due to gravity.  Thus to have any sort of upward lift, you must have more than ~800 N of force to lift your body upwards.  A fart seems to have at most about the same propulsive power as a hair dryer; which can lift a ping pong ball up (m ~ 3 g about 20000 times lighter than a person). Again I'm making some simplyifing assumptions; like your body is rigid, etc.",1325539757,askscience,2,,"{""score"": 2, ""top_level_comment"": ""c3dbyq5"", ""retrieved_on"": 1428113223, ""gilded"": 0, ""gildings"": null, ""subreddit"": ""askscience"", ""stickied"": false, ""permalink"": """", ""author_flair_text"": ""High Energy Experimental Physics""}"
o02ck,o02ck,almiller07,,For example someone with the flu or head cold (may be different cases for each)  would it make a difference if one spends time in say a 65-68 degree house or if they are warmer either through turning the heat up/blankets/both? I always have had a habit of turning up the heat whenever I get sick and don't know if it makes a difference outside of comfort level. ,1325532335,askscience,5,/r/askscience/comments/o02ck/does_temperature_make_a_difference_on_your/,"{""score"": 5, ""top_level_comment"": null, ""retrieved_on"": -1, ""gilded"": -1, ""gildings"": null, ""subreddit"": ""askscience"", ""stickied"": false, ""permalink"": ""/r/askscience/comments/o02ck/does_temperature_make_a_difference_on_your/"", ""author_flair_text"": """"}"
c3dduv6,o02ck,synnndstalker,o02ck,"Because your internal body temperature should stay the same irrespective external temperature, I highly doubt that changing the temperature will affect your ability to ward off ailments. I would recommend that you do whatever is most comfortable, if you're relaxed, you'll probably heal faster. ",1325551435,askscience,-2,,"{""score"": -2, ""top_level_comment"": ""c3dduv6"", ""retrieved_on"": 1428114112, ""gilded"": 0, ""gildings"": null, ""subreddit"": ""askscience"", ""stickied"": false, ""permalink"": """", ""author_flair_text"": """"}"
o03tz,o03tz,Findeton,,"Entropy is a measure that, in a closed system, cannot decrease with time. My question is, how much does it increase each second, for a given closed system... or for the universe as a whole?",1325534394,askscience,0,/r/askscience/comments/o03tz/entropy_as_arrow_of_time_is_it_also_a_clock_of/,"{""score"": 0, ""top_level_comment"": null, ""retrieved_on"": -1, ""gilded"": -1, ""gildings"": null, ""subreddit"": ""askscience"", ""stickied"": false, ""permalink"": ""/r/askscience/comments/o03tz/entropy_as_arrow_of_time_is_it_also_a_clock_of/"", ""author_flair_text"": """"}"
c3db2jp,o03tz,[deleted],o03tz,[deleted],1325534417,askscience,1,,"{""score"": 1, ""top_level_comment"": ""c3db2jp"", ""retrieved_on"": 1428190377, ""gilded"": 0, ""gildings"": null, ""subreddit"": ""askscience"", ""stickied"": false, ""permalink"": """", ""author_flair_text"": """"}"
c3db3pi,o03tz,freakzeke,o03tz,"The change in entropy will be different given different situations. For instance, in a quick, exothermic dissociation reaction, entropy of the system (and the universe) may change quicker than in the freezing of water.",1325534614,askscience,3,,"{""score"": 3, ""top_level_comment"": ""c3db3pi"", ""retrieved_on"": 1428112820, ""gilded"": 0, ""gildings"": null, ""subreddit"": ""askscience"", ""stickied"": false, ""permalink"": """", ""author_flair_text"": """"}"
c3db4t9,o03tz,Findeton,c3db3pi,Is it possible to measure how has entropy changed in the universe since the big bang? (Or something close to that idea),1325534794,askscience,1,,"{""score"": 1, ""top_level_comment"": ""c3db3pi"", ""retrieved_on"": 1428112832, ""gilded"": 0, ""gildings"": null, ""subreddit"": ""askscience"", ""stickied"": false, ""permalink"": """", ""author_flair_text"": """"}"
c3dca5u,o03tz,[deleted],c3db4t9,[deleted],1325541686,askscience,0,,"{""score"": 0, ""top_level_comment"": ""c3db3pi"", ""retrieved_on"": 1428113370, ""gilded"": 0, ""gildings"": null, ""subreddit"": ""askscience"", ""stickied"": false, ""permalink"": """", ""author_flair_text"": """"}"
c3ddtu0,o03tz,TaslemGuy,c3db4t9,"First we'd need to know exactly what's in the universe right now, and we have no idea.",1325551265,askscience,1,,"{""score"": 1, ""top_level_comment"": ""c3db3pi"", ""retrieved_on"": 1428114099, ""gilded"": 0, ""gildings"": null, ""subreddit"": ""askscience"", ""stickied"": false, ""permalink"": """", ""author_flair_text"": """"}"
o03yy,o03yy,unquevai,,,1325534591,askscience,2,/r/askscience/comments/o03yy/what_is_exactly_a_carsick_and_why_does_it_happen/,"{""score"": 2, ""top_level_comment"": null, ""retrieved_on"": -1, ""gilded"": -1, ""gildings"": null, ""subreddit"": ""askscience"", ""stickied"": false, ""permalink"": ""/r/askscience/comments/o03yy/what_is_exactly_a_carsick_and_why_does_it_happen/"", ""author_flair_text"": """"}"
c3db5sc,o03yy,rmg22893,o03yy,"It's disorientation resulting from discrepancies between visual cues and the signals coming from your ambulatory senses.

If you're looking out the window, your brain notices that things outside are moving, and this agrees with your inner ear's perception that you are currently in motion. 

When you're reading a book, however, your eyes do not sense motion while your inner ear does, and this leads your brain to conclude that one system is hallucinating, and then your brain induces nausea because your brain is paranoid and thinks that you've been poisoned with a neurotoxin.",1325534953,askscience,11,,"{""score"": 11, ""top_level_comment"": ""c3db5sc"", ""retrieved_on"": 1428112841, ""gilded"": 0, ""gildings"": null, ""subreddit"": ""askscience"", ""stickied"": false, ""permalink"": """", ""author_flair_text"": """"}"
c3dc84a,o03yy,Oaden,c3db5sc,So why are other people not carsick?,1325541343,askscience,1,,"{""score"": 1, ""top_level_comment"": ""c3db5sc"", ""retrieved_on"": 1428113344, ""gilded"": 0, ""gildings"": null, ""subreddit"": ""askscience"", ""stickied"": false, ""permalink"": """", ""author_flair_text"": """"}"
c3dduj9,o03yy,TaslemGuy,c3dc84a,Same reason some people don't get sick on rollercoasters. Different effects from nausea.,1325551381,askscience,0,,"{""score"": 0, ""top_level_comment"": ""c3db5sc"", ""retrieved_on"": 1428114108, ""gilded"": 0, ""gildings"": null, ""subreddit"": ""askscience"", ""stickied"": false, ""permalink"": """", ""author_flair_text"": """"}"
o0651,o0651,[deleted],,"Yeah, when they joined us in our protest against SOPA  I finally actually donated.  Frankly, I use the site every day??  I bet you do too.  I actually wouldn't mind some advertising on there to help defray the costs, but... anyway, I donated and I feel good about it.  Here's the proof:

Dear MXXk,

You are amazing, thank you so much for donating to the Wikimedia Foundation!

This is how we pay our bills -- it's people like you, giving five dollars, twenty dollars, a hundred dollars. My favourite donation last year was five pounds from a little girl in England, who had persuaded her parents to let her donate her allowance. It's people like you, joining with that girl, who make it possible for Wikipedia to continue providing free, easy access to unbiased information, for everyone around the world. For everyone who helps pay for it, and for those who can't afford to help. Thank you so much.

",1325537539,askscience,1,/r/askscience/comments/o0651/i_finally_donated_to_wikipedia_yall_should_too/,"{""score"": 1, ""top_level_comment"": null, ""retrieved_on"": -1, ""gilded"": -1, ""gildings"": null, ""subreddit"": ""askscience"", ""stickied"": false, ""permalink"": ""/r/askscience/comments/o0651/i_finally_donated_to_wikipedia_yall_should_too/"", ""author_flair_text"": """"}"
o0673,o0673,alpha7158,,"At the moment the universe is creating all of its heat energy through nuclear fusion. I.e. creating more complex matter to release energy. A goal of our current civilization is to utilize as much energy as possible to further ourselves.

If we learn how to liberate most of the energy in mass then we could extend the life of the universe by liberating the energy in cooling space objects such as brown dwarfs? I.e. we decrease entropy so that the universe takes longer to increase it again?

Side question: if so, are we already technically doing this in one way or another anywhere in our world?",1325537611,askscience,1,/r/askscience/comments/o0673/is_intelligent_life_essentially_the_universe/,"{""score"": 1, ""top_level_comment"": null, ""retrieved_on"": -1, ""gilded"": -1, ""gildings"": null, ""subreddit"": ""askscience"", ""stickied"": false, ""permalink"": ""/r/askscience/comments/o0673/is_intelligent_life_essentially_the_universe/"", ""author_flair_text"": """"}"
o06cj,o06cj,blazing_falcon,,"Basically, what I'm asking is how much do we know about how the brain's signals work.  I know as much about that brain and the nervous system as one learns in freshman biology, but what I don't understand is how the brain knows what signal is what.  Along with that is there any way for us to be able to understand what those signals are like for the person experiencing them?  For example, if I imagine some image, could something scan my brain and interpret the chemicals and electrical impulses to put that image on a screen.

Sorry if this is kinda vague, I'm not really sure how to ask this.",1325537830,askscience,1,/r/askscience/comments/o06cj/how_much_do_we_know_about_how_the_brain_and_body/,"{""score"": 1, ""top_level_comment"": null, ""retrieved_on"": -1, ""gilded"": -1, ""gildings"": null, ""subreddit"": ""askscience"", ""stickied"": false, ""permalink"": ""/r/askscience/comments/o06cj/how_much_do_we_know_about_how_the_brain_and_body/"", ""author_flair_text"": """"}"
o06j0,o06j0,Samen28,,"I've noticed this about my vision my whole life, even before my vision shifted and I needed to get glasses, and it's always confused me.

Whenever I'm in a very, very dark room (like my bedroom at night, where there's still a small amount of light), my vision gets snowy, much like what you see with cheap cameras and webcams when the lighting isn't very good. For some reason, my vision becomes full of these fuzzy, indistinct grains, sometimes appearing multi-color and always shifting around. Much smaller than ""floaters"", and their movements don't seem to follow my eye movements as much, either.

Does anyone know what causes this, or what this is? For reference, I've noticed it all my life, though my vision degraded when I was in 3rd and 4th grade, requiring me to get glasses when I was in 5th grade. I'm 17, and wear contacts. I also have astigmatism in both eyes.",1325538099,askscience,1,/r/askscience/comments/o06j0/why_does_my_vision_get_snowy_in_very_low_light/,"{""score"": 1, ""top_level_comment"": null, ""retrieved_on"": -1, ""gilded"": -1, ""gildings"": null, ""subreddit"": ""askscience"", ""stickied"": false, ""permalink"": ""/r/askscience/comments/o06j0/why_does_my_vision_get_snowy_in_very_low_light/"", ""author_flair_text"": """"}"
o06nb,o06nb,[deleted],,"Seems like every time I've been to a TGIFridays or the like the waiter/ess will say some like, ""Careful, darlin', that plate's REALLY hot."" When I make dinner at home, though, I have to heat up the plates so that they don't cool off my food too quickly. What's up here? Do chain places just put the plates, with food on them, in the oven? Or is it molten hot when they make it, so it super heats the plate?",1325538266,askscience,0,/r/askscience/comments/o06nb/why_are_plates_so_hot_at_chain_restaurants/,"{""score"": 0, ""top_level_comment"": null, ""retrieved_on"": -1, ""gilded"": -1, ""gildings"": null, ""subreddit"": ""askscience"", ""stickied"": false, ""permalink"": ""/r/askscience/comments/o06nb/why_are_plates_so_hot_at_chain_restaurants/"", ""author_flair_text"": """"}"
c3dbqu6,o06nb,jarsky,o06nb,"The plates are kept in a plate warmer.  
The benches that the food is platted on are also quite warm because of how hot the kitchens get.  
There is hot food that goes onto hot plate, sitting on warm bench.  
  
The heat has to be absorbed into something else or radiated for it to cool down. It's possible the plated food also goes under a food warmer in the pass, before it gets brought to your table.  ",1325538425,askscience,2,,"{""score"": 2, ""top_level_comment"": ""c3dbqu6"", ""retrieved_on"": 1428113121, ""gilded"": 0, ""gildings"": null, ""subreddit"": ""askscience"", ""stickied"": false, ""permalink"": """", ""author_flair_text"": """"}"
o07zg,o07zg,Throwaway1892Q,,"Anecdotally, people describe different strains of marijuana as having different effects (e.g. some strains produce a more active high, some a more creative high, some a more mellow high, etc.). I was under the impression that all strains of marijuana are largely the same containing the same canniboids and producing the same reaction in the brain. Is there any scientific truth to these anecdotal claims? Do different strains of marijuana contain different canniboids and produce a different high? Or is the different reactions people claim to experience just a function of how much one consumes?",1325540086,askscience,0,/r/askscience/comments/o07zg/do_different_strains_of_marijuana_produce/,"{""score"": 0, ""top_level_comment"": null, ""retrieved_on"": -1, ""gilded"": -1, ""gildings"": null, ""subreddit"": ""askscience"", ""stickied"": false, ""permalink"": ""/r/askscience/comments/o07zg/do_different_strains_of_marijuana_produce/"", ""author_flair_text"": """"}"
c3dcib9,o07zg,[deleted],o07zg,[deleted],1325543054,askscience,3,,"{""score"": 3, ""top_level_comment"": ""c3dcib9"", ""retrieved_on"": 1428113489, ""gilded"": 0, ""gildings"": null, ""subreddit"": ""askscience"", ""stickied"": false, ""permalink"": """", ""author_flair_text"": """"}"
c3dea7x,o07zg,highintensitycanada,o07zg,"Yes, there are much much more compounds than THC in weed, including things known as 'cannabinoids' that only occur in cannabis. Studies have shown that ratios of THC to other cannabinoids can change the effects.",1325554053,askscience,6,,"{""score"": 6, ""top_level_comment"": ""c3dea7x"", ""retrieved_on"": 1428114385, ""gilded"": 0, ""gildings"": null, ""subreddit"": ""askscience"", ""stickied"": false, ""permalink"": """", ""author_flair_text"": """"}"
o09rh,o09rh,wojo1330,,,1325542613,askscience,2,/r/askscience/comments/o09rh/what_happens_chemically_when_something_is/,"{""score"": 2, ""top_level_comment"": null, ""retrieved_on"": -1, ""gilded"": -1, ""gildings"": null, ""subreddit"": ""askscience"", ""stickied"": false, ""permalink"": ""/r/askscience/comments/o09rh/what_happens_chemically_when_something_is/"", ""author_flair_text"": """"}"
c3dd3lo,o09rh,recipriversexcluson,o09rh,"When something is flaming it means that it is hot enough to throw of vapors - those vapors then burn in the air.

That is what we see as flame.

Embering wood is just charcoaled enough that it no longer has any wood alcohol (etc.) or it's just burning too slow for the vapors to catch.",1325546679,askscience,2,,"{""score"": 2, ""top_level_comment"": ""c3dd3lo"", ""retrieved_on"": 1428113755, ""gilded"": 0, ""gildings"": null, ""subreddit"": ""askscience"", ""stickied"": false, ""permalink"": """", ""author_flair_text"": """"}"
c3dmx21,o09rh,spasysheep,c3dd3lo,Does wood naturally have wood alcohol in it? I thought wood alcohol was a colloquial name for the alcohol (methanol?) that you get if you ferment wood.,1325625351,askscience,1,,"{""score"": 1, ""top_level_comment"": ""c3dd3lo"", ""retrieved_on"": 1428118514, ""gilded"": 0, ""gildings"": null, ""subreddit"": ""askscience"", ""stickied"": false, ""permalink"": """", ""author_flair_text"": """"}"
c3dn0c4,o09rh,recipriversexcluson,c3dmx21,"You caught me.  

Actually the vapors are ""wood tar"" which contain creosote, numerous phenols, aldehydes, and *probably* some methanol - all depending on which kind of wood is being burned.",1325625961,askscience,2,,"{""score"": 2, ""top_level_comment"": ""c3dd3lo"", ""retrieved_on"": 1428118559, ""gilded"": 0, ""gildings"": null, ""subreddit"": ""askscience"", ""stickied"": false, ""permalink"": """", ""author_flair_text"": """"}"
o0aaz,o0aaz,mattwaver,,"Here it is:
http://i.imgur.com/e4ZeG.png
Dinosaurs existed about 65 million years ago, right? So could there have been a planet even *older* than that? Old enough that its inhabitants discovered space travel advanced enough to travel to Earth? 
I'm not saying this is what killed the dinosaurs, but could they have at least been visited by aliens? I mean, the dinos wouldn't have kept any records, obviously, and perhaps the aliens were smart enough to leave no trace behind, after all, they were smart enough to travel thousands of light years away from their home planet.
Basically, is it theoretically possible that the dinosaurs had visitors from another world, and there is no trace left behind? As crazy as it sounds?",1325543389,askscience,2,/r/askscience/comments/o0aaz/saw_this_picture_on_rwallpaper_is_this_possible/,"{""score"": 2, ""top_level_comment"": null, ""retrieved_on"": -1, ""gilded"": -1, ""gildings"": null, ""subreddit"": ""askscience"", ""stickied"": false, ""permalink"": ""/r/askscience/comments/o0aaz/saw_this_picture_on_rwallpaper_is_this_possible/"", ""author_flair_text"": """"}"
o0d1k,o0d1k,Spacktardius,,"I was diagnosed with hyper-elastic joints (or something like that) and apparently it means I can produce clicking noises with my neck, knuckles and back with more ease than most.  Upon clicking said joints many people have said: ""You really shouldn't do that, you'll get arthritis, you know"" etc etc.  

People have also said that cracking my neck can cut the blood supply to my brain thus increasing my chance of having a stroke later in life (not sure how it can cause a bleed in the brain but whatever, anything brain-related is more concerning than the possibility of getting arthritis).  

Thing is, I've been doing it for years now and haven't noticed any problems.  Plus it actually feels *really* good to crack my joints in the morning.

Has anyone else experienced no symptoms whilst doing this?  Is it harmful or harmless?

",1325547239,askscience,1,/r/askscience/comments/o0d1k/i_need_to_know_once_and_for_all_can_cracking_your/,"{""score"": 1, ""top_level_comment"": null, ""retrieved_on"": -1, ""gilded"": -1, ""gildings"": null, ""subreddit"": ""askscience"", ""stickied"": false, ""permalink"": ""/r/askscience/comments/o0d1k/i_need_to_know_once_and_for_all_can_cracking_your/"", ""author_flair_text"": """"}"
o0dgf,o0dgf,bohemian_wombat,,,1325547827,askscience,2,/r/askscience/comments/o0dgf/are_scars_and_stretch_marks_more_susceptible_to/,"{""score"": 2, ""top_level_comment"": null, ""retrieved_on"": -1, ""gilded"": -1, ""gildings"": null, ""subreddit"": ""askscience"", ""stickied"": false, ""permalink"": ""/r/askscience/comments/o0dgf/are_scars_and_stretch_marks_more_susceptible_to/"", ""author_flair_text"": """"}"
c3ddhea,o0dgf,o0Bex0o,o0dgf,"Stretch marks are a form of scarring that occurs during rapid stretching of the skin, such as during pregnancy or body building. When the body makes a scar, it is filling a region of tissue with powerful cross-links of collagen that form a pronounced alignment in a single direction.

Once a scar is formed, normal function of the tissue region becomes inferior to the surrounding non-injured tissue. Internal organ tissue works less efficiently, gradually leading to homoeostatic imbalances in the body. Cutaneous tissue loses hair follicles and sweat glands, and will become less *resistant* to the effects of UV radiation. 

Now, the question whether this leads to a higher risk for melanoma remains to be *clearly* answered. But, I would say that there shouldn't be a higher risk because the scar tissue is potentially absent of *melanocytes*, cells that produce melanin in the skin. Therefore, no melanocytes are being radiated and mutated into cancerous cells.",1325549093,askscience,1,,"{""score"": 1, ""top_level_comment"": ""c3ddhea"", ""retrieved_on"": 1428113937, ""gilded"": 0, ""gildings"": null, ""subreddit"": ""askscience"", ""stickied"": false, ""permalink"": """", ""author_flair_text"": """"}"
c3dgnha,o0dgf,McSplifftonKSig,c3ddhea,Not bad.,1325571008,askscience,1,,"{""score"": 1, ""top_level_comment"": ""c3ddhea"", ""retrieved_on"": 1428115520, ""gilded"": 0, ""gildings"": null, ""subreddit"": ""askscience"", ""stickied"": false, ""permalink"": """", ""author_flair_text"": """"}"
